motif_name,source
M00115_2.00,CisBP
M01659_2.00,CisBP
M01660_2.00,CisBP
M01664_2.00,CisBP
M01667_2.00,CisBP
M02651_2.00,CisBP
M03590_2.00,CisBP
M05899_2.00,CisBP
M09768_2.00,CisBP
M00116_2.00,CisBP
M01657_2.00,CisBP
M01661_2.00,CisBP
M01663_2.00,CisBP
M08707_2.00,CisBP
M08708_2.00,CisBP
M09767_2.00,CisBP
M03595_2.00,CisBP
M05937_2.00,CisBP
M01751_2.00,CisBP
M02787_2.00,CisBP
M04124_2.00,CisBP
M04125_2.00,CisBP
M08725_2.00,CisBP
M08776_2.00,CisBP
M09478_2.00,CisBP
M01718_2.00,CisBP
M03605_2.00,CisBP
M03606_2.00,CisBP
M05955_2.00,CisBP
M05956_2.00,CisBP
M07538_2.00,CisBP
M08052_2.00,CisBP
M08722_2.00,CisBP
M08766_2.00,CisBP
M09657_2.00,CisBP
M00121_2.00,CisBP
M00122_2.00,CisBP
M00938_2.00,CisBP
M01753_2.00,CisBP
M08778_2.00,CisBP
M08763_2.00,CisBP
M03620_2.00,CisBP
M04156_2.00,CisBP
M04157_2.00,CisBP
M05990_2.00,CisBP
M05991_2.00,CisBP
M08736_2.00,CisBP
M08757_2.00,CisBP
M09470_2.00,CisBP
M01815_2.00,CisBP
M02729_2.00,CisBP
M02824_2.00,CisBP
M04009_2.00,CisBP
M04227_2.00,CisBP
M04228_2.00,CisBP
M08783_2.00,CisBP
M08836_2.00,CisBP
M00123_2.00,CisBP
M00126_2.00,CisBP
M01814_2.00,CisBP
M02854_2.00,CisBP
M02855_2.00,CisBP
M02856_2.00,CisBP
M02857_2.00,CisBP
M02858_2.00,CisBP
M02869_2.00,CisBP
M02870_2.00,CisBP
M02871_2.00,CisBP
M04039_2.00,CisBP
M04040_2.00,CisBP
M04343_2.00,CisBP
M04344_2.00,CisBP
M04345_2.00,CisBP
M04346_2.00,CisBP
M04347_2.00,CisBP
M04348_2.00,CisBP
M04349_2.00,CisBP
M04350_2.00,CisBP
M04351_2.00,CisBP
M04352_2.00,CisBP
M04353_2.00,CisBP
M04354_2.00,CisBP
M04355_2.00,CisBP
M04356_2.00,CisBP
M04365_2.00,CisBP
M04366_2.00,CisBP
M04367_2.00,CisBP
M04368_2.00,CisBP
M04369_2.00,CisBP
M04370_2.00,CisBP
M04371_2.00,CisBP
M04372_2.00,CisBP
M04373_2.00,CisBP
M04374_2.00,CisBP
M07840_2.00,CisBP
M07841_2.00,CisBP
M08075_2.00,CisBP
M08807_2.00,CisBP
M08809_2.00,CisBP
M08810_2.00,CisBP
M08811_2.00,CisBP
M08817_2.00,CisBP
M08835_2.00,CisBP
M08839_2.00,CisBP
M08847_2.00,CisBP
M09491_2.00,CisBP
M09497_2.00,CisBP
M00757_2.00,CisBP
M01802_2.00,CisBP
M02730_2.00,CisBP
M02825_2.00,CisBP
M02826_2.00,CisBP
M04010_2.00,CisBP
M04011_2.00,CisBP
M04012_2.00,CisBP
M04231_2.00,CisBP
M04232_2.00,CisBP
M04233_2.00,CisBP
M04234_2.00,CisBP
M08818_2.00,CisBP
M09932_2.00,CisBP
M09933_2.00,CisBP
M01805_2.00,CisBP
M04035_2.00,CisBP
M04036_2.00,CisBP
M04333_2.00,CisBP
M04334_2.00,CisBP
M04335_2.00,CisBP
M04336_2.00,CisBP
M04337_2.00,CisBP
M04338_2.00,CisBP
M07833_2.00,CisBP
M08071_2.00,CisBP
M08805_2.00,CisBP
M08821_2.00,CisBP
M09490_2.00,CisBP
M03648_2.00,CisBP
M00124_2.00,CisBP
M00991_2.00,CisBP
M00992_2.00,CisBP
M01804_2.00,CisBP
M01806_2.00,CisBP
M01821_2.00,CisBP
M03659_2.00,CisBP
M03660_2.00,CisBP
M04022_2.00,CisBP
M04023_2.00,CisBP
M04229_2.00,CisBP
M04230_2.00,CisBP
M04258_2.00,CisBP
M04259_2.00,CisBP
M04260_2.00,CisBP
M04261_2.00,CisBP
M04262_2.00,CisBP
M04263_2.00,CisBP
M04264_2.00,CisBP
M04265_2.00,CisBP
M08066_2.00,CisBP
M08784_2.00,CisBP
M08791_2.00,CisBP
M08792_2.00,CisBP
M08820_2.00,CisBP
M08824_2.00,CisBP
M08845_2.00,CisBP
M09485_2.00,CisBP
M09948_2.00,CisBP
M09949_2.00,CisBP
M09952_2.00,CisBP
M09953_2.00,CisBP
M09954_2.00,CisBP
M09955_2.00,CisBP
M04293_2.00,CisBP
M04294_2.00,CisBP
M04295_2.00,CisBP
M04296_2.00,CisBP
M04297_2.00,CisBP
M04298_2.00,CisBP
M01812_2.00,CisBP
M02842_2.00,CisBP
M02843_2.00,CisBP
M02844_2.00,CisBP
M02845_2.00,CisBP
M02846_2.00,CisBP
M02847_2.00,CisBP
M02863_2.00,CisBP
M02864_2.00,CisBP
M03639_2.00,CisBP
M03640_2.00,CisBP
M03641_2.00,CisBP
M04029_2.00,CisBP
M04030_2.00,CisBP
M04031_2.00,CisBP
M04309_2.00,CisBP
M04310_2.00,CisBP
M04311_2.00,CisBP
M04312_2.00,CisBP
M04313_2.00,CisBP
M04314_2.00,CisBP
M04315_2.00,CisBP
M04316_2.00,CisBP
M04317_2.00,CisBP
M04318_2.00,CisBP
M04319_2.00,CisBP
M04320_2.00,CisBP
M06020_2.00,CisBP
M01809_2.00,CisBP
M04272_2.00,CisBP
M04273_2.00,CisBP
M04327_2.00,CisBP
M04328_2.00,CisBP
M07826_2.00,CisBP
M07827_2.00,CisBP
M07828_2.00,CisBP
M08069_2.00,CisBP
M08795_2.00,CisBP
M08802_2.00,CisBP
M08814_2.00,CisBP
M08819_2.00,CisBP
M08828_2.00,CisBP
M09494_2.00,CisBP
M03649_2.00,CisBP
M02872_2.00,CisBP
M04382_2.00,CisBP
M04383_2.00,CisBP
M09499_2.00,CisBP
M02898_2.00,CisBP
M03682_2.00,CisBP
M04517_2.00,CisBP
M04518_2.00,CisBP
M04645_2.00,CisBP
M04646_2.00,CisBP
M06117_2.00,CisBP
M06118_2.00,CisBP
M09016_2.00,CisBP
M00134_2.00,CisBP
M00224_2.00,CisBP
M00226_2.00,CisBP
M00779_2.00,CisBP
M00787_2.00,CisBP
M02937_2.00,CisBP
M03704_2.00,CisBP
M04400_2.00,CisBP
M04401_2.00,CisBP
M04410_2.00,CisBP
M04411_2.00,CisBP
M04418_2.00,CisBP
M04419_2.00,CisBP
M04420_2.00,CisBP
M04430_2.00,CisBP
M04431_2.00,CisBP
M04432_2.00,CisBP
M04455_2.00,CisBP
M04456_2.00,CisBP
M04463_2.00,CisBP
M04464_2.00,CisBP
M06163_2.00,CisBP
M06164_2.00,CisBP
M06171_2.00,CisBP
M06172_2.00,CisBP
M08021_2.00,CisBP
M08086_2.00,CisBP
M08091_2.00,CisBP
M08099_2.00,CisBP
M08243_2.00,CisBP
M08293_2.00,CisBP
M08298_2.00,CisBP
M08299_2.00,CisBP
M08857_2.00,CisBP
M08867_2.00,CisBP
M08868_2.00,CisBP
M08871_2.00,CisBP
M08876_2.00,CisBP
M08879_2.00,CisBP
M08894_2.00,CisBP
M08962_2.00,CisBP
M08964_2.00,CisBP
M08965_2.00,CisBP
M08982_2.00,CisBP
M09000_2.00,CisBP
M09008_2.00,CisBP
M09502_2.00,CisBP
M09516_2.00,CisBP
M10186_2.00,CisBP
M02929_2.00,CisBP
M03673_2.00,CisBP
M03691_2.00,CisBP
M04655_2.00,CisBP
M04656_2.00,CisBP
M06085_2.00,CisBP
M06086_2.00,CisBP
M06087_2.00,CisBP
M06139_2.00,CisBP
M06140_2.00,CisBP
M08397_2.00,CisBP
M02877_2.00,CisBP
M04406_2.00,CisBP
M04407_2.00,CisBP
M04408_2.00,CisBP
M04409_2.00,CisBP
M05845_2.00,CisBP
M06053_2.00,CisBP
M06054_2.00,CisBP
M06055_2.00,CisBP
M06144_2.00,CisBP
M06145_2.00,CisBP
M07855_2.00,CisBP
M07856_2.00,CisBP
M07857_2.00,CisBP
M07858_2.00,CisBP
M07859_2.00,CisBP
M07860_2.00,CisBP
M07861_2.00,CisBP
M08085_2.00,CisBP
M08237_2.00,CisBP
M08288_2.00,CisBP
M08865_2.00,CisBP
M08971_2.00,CisBP
M10138_2.00,CisBP
M10139_2.00,CisBP
M03668_2.00,CisBP
M05861_2.00,CisBP
M06062_2.00,CisBP
M06063_2.00,CisBP
M06468_2.00,CisBP
M00617_2.00,CisBP
M06169_2.00,CisBP
M06170_2.00,CisBP
M00239_2.00,CisBP
M00240_2.00,CisBP
M04523_2.00,CisBP
M04524_2.00,CisBP
M06165_2.00,CisBP
M08098_2.00,CisBP
M08909_2.00,CisBP
M08977_2.00,CisBP
M09514_2.00,CisBP
M00621_2.00,CisBP
M00133_2.00,CisBP
M00765_2.00,CisBP
M01862_2.00,CisBP
M02879_2.00,CisBP
M02910_2.00,CisBP
M02921_2.00,CisBP
M04558_2.00,CisBP
M04559_2.00,CisBP
M04605_2.00,CisBP
M04606_2.00,CisBP
M05859_2.00,CisBP
M06159_2.00,CisBP
M06160_2.00,CisBP
M08096_2.00,CisBP
M08296_2.00,CisBP
M08363_2.00,CisBP
M08873_2.00,CisBP
M08920_2.00,CisBP
M08938_2.00,CisBP
M08963_2.00,CisBP
M08975_2.00,CisBP
M08978_2.00,CisBP
M10294_2.00,CisBP
M10300_2.00,CisBP
M00777_2.00,CisBP
M02903_2.00,CisBP
M04489_2.00,CisBP
M04490_2.00,CisBP
M04537_2.00,CisBP
M04538_2.00,CisBP
M04539_2.00,CisBP
M04540_2.00,CisBP
M08088_2.00,CisBP
M08246_2.00,CisBP
M08317_2.00,CisBP
M08880_2.00,CisBP
M00232_2.00,CisBP
M00233_2.00,CisBP
M00375_2.00,CisBP
M00622_2.00,CisBP
M00776_2.00,CisBP
M00778_2.00,CisBP
M01864_2.00,CisBP
M02883_2.00,CisBP
M02884_2.00,CisBP
M02885_2.00,CisBP
M02886_2.00,CisBP
M02889_2.00,CisBP
M02890_2.00,CisBP
M02915_2.00,CisBP
M02931_2.00,CisBP
M02932_2.00,CisBP
M04437_2.00,CisBP
M04438_2.00,CisBP
M04439_2.00,CisBP
M04440_2.00,CisBP
M04461_2.00,CisBP
M04462_2.00,CisBP
M04583_2.00,CisBP
M04584_2.00,CisBP
M05860_2.00,CisBP
M06072_2.00,CisBP
M06073_2.00,CisBP
M07927_2.00,CisBP
M07928_2.00,CisBP
M07929_2.00,CisBP
M08302_2.00,CisBP
M08349_2.00,CisBP
M08882_2.00,CisBP
M08884_2.00,CisBP
M08994_2.00,CisBP
M08996_2.00,CisBP
M09506_2.00,CisBP
M09515_2.00,CisBP
M10188_2.00,CisBP
M10197_2.00,CisBP
M10216_2.00,CisBP
M10279_2.00,CisBP
M04511_2.00,CisBP
M04512_2.00,CisBP
M04513_2.00,CisBP
M04514_2.00,CisBP
M08323_2.00,CisBP
M08907_2.00,CisBP
M08987_2.00,CisBP
M08104_2.00,CisBP
M09018_2.00,CisBP
M09019_2.00,CisBP
M10405_2.00,CisBP
M01207_2.00,CisBP
M01913_2.00,CisBP
M01906_2.00,CisBP
M01909_2.00,CisBP
M01911_2.00,CisBP
M00656_2.00,CisBP
M00659_2.00,CisBP
M00789_2.00,CisBP
M01211_2.00,CisBP
M01927_2.00,CisBP
M01928_2.00,CisBP
M01929_2.00,CisBP
M01930_2.00,CisBP
M01931_2.00,CisBP
M01935_2.00,CisBP
M01937_2.00,CisBP
M03718_2.00,CisBP
M03719_2.00,CisBP
M03720_2.00,CisBP
M04681_2.00,CisBP
M04682_2.00,CisBP
M04683_2.00,CisBP
M04684_2.00,CisBP
M04685_2.00,CisBP
M04686_2.00,CisBP
M04687_2.00,CisBP
M04688_2.00,CisBP
M04689_2.00,CisBP
M04690_2.00,CisBP
M04691_2.00,CisBP
M04692_2.00,CisBP
M04693_2.00,CisBP
M09027_2.00,CisBP
M09028_2.00,CisBP
M08108_2.00,CisBP
M09035_2.00,CisBP
M09525_2.00,CisBP
M01961_2.00,CisBP
M02949_2.00,CisBP
M02950_2.00,CisBP
M02951_2.00,CisBP
M04696_2.00,CisBP
M04697_2.00,CisBP
M04698_2.00,CisBP
M04699_2.00,CisBP
M08110_2.00,CisBP
M08197_2.00,CisBP
M09029_2.00,CisBP
M09526_2.00,CisBP
M00154_2.00,CisBP
M02952_2.00,CisBP
M02953_2.00,CisBP
M02954_2.00,CisBP
M02955_2.00,CisBP
M04700_2.00,CisBP
M07938_2.00,CisBP
M09030_2.00,CisBP
M09039_2.00,CisBP
M09041_2.00,CisBP
M09521_2.00,CisBP
M10444_2.00,CisBP
M10445_2.00,CisBP
M00153_2.00,CisBP
M00662_2.00,CisBP
M01966_2.00,CisBP
M02956_2.00,CisBP
M02957_2.00,CisBP
M02958_2.00,CisBP
M02961_2.00,CisBP
M02962_2.00,CisBP
M04701_2.00,CisBP
M04702_2.00,CisBP
M04707_2.00,CisBP
M07939_2.00,CisBP
M07940_2.00,CisBP
M07941_2.00,CisBP
M07942_2.00,CisBP
M07943_2.00,CisBP
M08107_2.00,CisBP
M08109_2.00,CisBP
M08196_2.00,CisBP
M09031_2.00,CisBP
M09034_2.00,CisBP
M09036_2.00,CisBP
M09037_2.00,CisBP
M09038_2.00,CisBP
M09042_2.00,CisBP
M09043_2.00,CisBP
M09523_2.00,CisBP
M09524_2.00,CisBP
M00157_2.00,CisBP
M01481_2.00,CisBP
M01482_2.00,CisBP
M01483_2.00,CisBP
M01489_2.00,CisBP
M01493_2.00,CisBP
M02645_2.00,CisBP
M02967_2.00,CisBP
M02969_2.00,CisBP
M02979_2.00,CisBP
M02980_2.00,CisBP
M02981_2.00,CisBP
M02982_2.00,CisBP
M02983_2.00,CisBP
M02984_2.00,CisBP
M02985_2.00,CisBP
M02986_2.00,CisBP
M02996_2.00,CisBP
M03004_2.00,CisBP
M03010_2.00,CisBP
M03725_2.00,CisBP
M04720_2.00,CisBP
M04721_2.00,CisBP
M04730_2.00,CisBP
M04731_2.00,CisBP
M04732_2.00,CisBP
M04733_2.00,CisBP
M04734_2.00,CisBP
M04735_2.00,CisBP
M04752_2.00,CisBP
M04753_2.00,CisBP
M04754_2.00,CisBP
M04755_2.00,CisBP
M04768_2.00,CisBP
M04769_2.00,CisBP
M04778_2.00,CisBP
M04779_2.00,CisBP
M04791_2.00,CisBP
M04792_2.00,CisBP
M05865_2.00,CisBP
M06188_2.00,CisBP
M07950_2.00,CisBP
M07951_2.00,CisBP
M07952_2.00,CisBP
M07953_2.00,CisBP
M07954_2.00,CisBP
M07955_2.00,CisBP
M07956_2.00,CisBP
M08113_2.00,CisBP
M09048_2.00,CisBP
M09051_2.00,CisBP
M09052_2.00,CisBP
M09056_2.00,CisBP
M09058_2.00,CisBP
M09061_2.00,CisBP
M09067_2.00,CisBP
M09069_2.00,CisBP
M09070_2.00,CisBP
M09074_2.00,CisBP
M09075_2.00,CisBP
M09078_2.00,CisBP
M09082_2.00,CisBP
M09531_2.00,CisBP
M09532_2.00,CisBP
M09535_2.00,CisBP
M10488_2.00,CisBP
M10493_2.00,CisBP
M10494_2.00,CisBP
M01477_2.00,CisBP
M01478_2.00,CisBP
M01479_2.00,CisBP
M01485_2.00,CisBP
M01486_2.00,CisBP
M01487_2.00,CisBP
M01491_2.00,CisBP
M01492_2.00,CisBP
M01494_2.00,CisBP
M01495_2.00,CisBP
M01496_2.00,CisBP
M01972_2.00,CisBP
M01973_2.00,CisBP
M02679_2.00,CisBP
M02734_2.00,CisBP
M02735_2.00,CisBP
M02964_2.00,CisBP
M02966_2.00,CisBP
M02968_2.00,CisBP
M02970_2.00,CisBP
M02971_2.00,CisBP
M02972_2.00,CisBP
M02992_2.00,CisBP
M02993_2.00,CisBP
M02994_2.00,CisBP
M02995_2.00,CisBP
M02997_2.00,CisBP
M02998_2.00,CisBP
M02999_2.00,CisBP
M03000_2.00,CisBP
M03001_2.00,CisBP
M03006_2.00,CisBP
M03007_2.00,CisBP
M03722_2.00,CisBP
M03723_2.00,CisBP
M03724_2.00,CisBP
M03726_2.00,CisBP
M03732_2.00,CisBP
M03733_2.00,CisBP
M04708_2.00,CisBP
M04709_2.00,CisBP
M04710_2.00,CisBP
M04711_2.00,CisBP
M04716_2.00,CisBP
M04717_2.00,CisBP
M04718_2.00,CisBP
M04719_2.00,CisBP
M04722_2.00,CisBP
M04723_2.00,CisBP
M04724_2.00,CisBP
M04725_2.00,CisBP
M04726_2.00,CisBP
M04727_2.00,CisBP
M04728_2.00,CisBP
M04729_2.00,CisBP
M04736_2.00,CisBP
M04737_2.00,CisBP
M04738_2.00,CisBP
M04739_2.00,CisBP
M04740_2.00,CisBP
M04741_2.00,CisBP
M04742_2.00,CisBP
M04743_2.00,CisBP
M04744_2.00,CisBP
M04745_2.00,CisBP
M04746_2.00,CisBP
M04747_2.00,CisBP
M04760_2.00,CisBP
M04761_2.00,CisBP
M04762_2.00,CisBP
M04763_2.00,CisBP
M04764_2.00,CisBP
M04765_2.00,CisBP
M04766_2.00,CisBP
M04767_2.00,CisBP
M04770_2.00,CisBP
M04771_2.00,CisBP
M04772_2.00,CisBP
M04773_2.00,CisBP
M04774_2.00,CisBP
M04775_2.00,CisBP
M04776_2.00,CisBP
M04777_2.00,CisBP
M04780_2.00,CisBP
M04781_2.00,CisBP
M04782_2.00,CisBP
M04793_2.00,CisBP
M04794_2.00,CisBP
M04795_2.00,CisBP
M04796_2.00,CisBP
M04797_2.00,CisBP
M04798_2.00,CisBP
M04799_2.00,CisBP
M04800_2.00,CisBP
M04801_2.00,CisBP
M04802_2.00,CisBP
M05864_2.00,CisBP
M06185_2.00,CisBP
M06186_2.00,CisBP
M06187_2.00,CisBP
M06189_2.00,CisBP
M06190_2.00,CisBP
M06192_2.00,CisBP
M06193_2.00,CisBP
M07947_2.00,CisBP
M07948_2.00,CisBP
M07949_2.00,CisBP
M07957_2.00,CisBP
M07958_2.00,CisBP
M08111_2.00,CisBP
M08112_2.00,CisBP
M08198_2.00,CisBP
M09046_2.00,CisBP
M09049_2.00,CisBP
M09050_2.00,CisBP
M09055_2.00,CisBP
M09057_2.00,CisBP
M09059_2.00,CisBP
M09062_2.00,CisBP
M09063_2.00,CisBP
M09072_2.00,CisBP
M09073_2.00,CisBP
M09077_2.00,CisBP
M09079_2.00,CisBP
M09080_2.00,CisBP
M09081_2.00,CisBP
M09528_2.00,CisBP
M09529_2.00,CisBP
M09536_2.00,CisBP
M09539_2.00,CisBP
M09667_2.00,CisBP
M10521_2.00,CisBP
M00159_2.00,CisBP
M01488_2.00,CisBP
M02973_2.00,CisBP
M02974_2.00,CisBP
M02975_2.00,CisBP
M02976_2.00,CisBP
M02977_2.00,CisBP
M02978_2.00,CisBP
M04748_2.00,CisBP
M04749_2.00,CisBP
M04750_2.00,CisBP
M04751_2.00,CisBP
M09530_2.00,CisBP
M02990_2.00,CisBP
M02991_2.00,CisBP
M00156_2.00,CisBP
M00158_2.00,CisBP
M01476_2.00,CisBP
M01484_2.00,CisBP
M01490_2.00,CisBP
M02733_2.00,CisBP
M02987_2.00,CisBP
M02988_2.00,CisBP
M02989_2.00,CisBP
M03002_2.00,CisBP
M03003_2.00,CisBP
M03011_2.00,CisBP
M04712_2.00,CisBP
M04713_2.00,CisBP
M04714_2.00,CisBP
M04715_2.00,CisBP
M04756_2.00,CisBP
M04757_2.00,CisBP
M04758_2.00,CisBP
M04759_2.00,CisBP
M04783_2.00,CisBP
M04784_2.00,CisBP
M04785_2.00,CisBP
M04786_2.00,CisBP
M04787_2.00,CisBP
M04788_2.00,CisBP
M04789_2.00,CisBP
M04790_2.00,CisBP
M09053_2.00,CisBP
M09054_2.00,CisBP
M09060_2.00,CisBP
M09066_2.00,CisBP
M09071_2.00,CisBP
M09076_2.00,CisBP
M09533_2.00,CisBP
M09534_2.00,CisBP
M03727_2.00,CisBP
M03728_2.00,CisBP
M03729_2.00,CisBP
M03730_2.00,CisBP
M03731_2.00,CisBP
M06191_2.00,CisBP
M01480_2.00,CisBP
M03005_2.00,CisBP
M03009_2.00,CisBP
M00160_2.00,CisBP
M00163_2.00,CisBP
M00790_2.00,CisBP
M01977_2.00,CisBP
M01980_2.00,CisBP
M01981_2.00,CisBP
M02736_2.00,CisBP
M02737_2.00,CisBP
M03016_2.00,CisBP
M03017_2.00,CisBP
M03018_2.00,CisBP
M03025_2.00,CisBP
M03026_2.00,CisBP
M03027_2.00,CisBP
M03046_2.00,CisBP
M03047_2.00,CisBP
M03048_2.00,CisBP
M03055_2.00,CisBP
M03056_2.00,CisBP
M03057_2.00,CisBP
M03058_2.00,CisBP
M03061_2.00,CisBP
M03062_2.00,CisBP
M03738_2.00,CisBP
M04809_2.00,CisBP
M04810_2.00,CisBP
M04825_2.00,CisBP
M04826_2.00,CisBP
M04827_2.00,CisBP
M04828_2.00,CisBP
M04829_2.00,CisBP
M04830_2.00,CisBP
M04859_2.00,CisBP
M04860_2.00,CisBP
M06196_2.00,CisBP
M08118_2.00,CisBP
M08120_2.00,CisBP
M09084_2.00,CisBP
M09094_2.00,CisBP
M09095_2.00,CisBP
M09098_2.00,CisBP
M09100_2.00,CisBP
M09102_2.00,CisBP
M09109_2.00,CisBP
M09113_2.00,CisBP
M10527_2.00,CisBP
M10528_2.00,CisBP
M10556_2.00,CisBP
M00794_2.00,CisBP
M01989_2.00,CisBP
M09107_2.00,CisBP
M01010_2.00,CisBP
M01011_2.00,CisBP
M01012_2.00,CisBP
M00164_2.00,CisBP
M00253_2.00,CisBP
M00254_2.00,CisBP
M00255_2.00,CisBP
M00256_2.00,CisBP
M00257_2.00,CisBP
M00258_2.00,CisBP
M00259_2.00,CisBP
M00796_2.00,CisBP
M01228_2.00,CisBP
M01982_2.00,CisBP
M01984_2.00,CisBP
M02681_2.00,CisBP
M03013_2.00,CisBP
M03014_2.00,CisBP
M03015_2.00,CisBP
M03034_2.00,CisBP
M03035_2.00,CisBP
M03036_2.00,CisBP
M03037_2.00,CisBP
M03038_2.00,CisBP
M03042_2.00,CisBP
M03043_2.00,CisBP
M03044_2.00,CisBP
M03045_2.00,CisBP
M03059_2.00,CisBP
M03060_2.00,CisBP
M03739_2.00,CisBP
M03740_2.00,CisBP
M03741_2.00,CisBP
M03742_2.00,CisBP
M03744_2.00,CisBP
M04841_2.00,CisBP
M04842_2.00,CisBP
M04843_2.00,CisBP
M04844_2.00,CisBP
M04845_2.00,CisBP
M04846_2.00,CisBP
M04851_2.00,CisBP
M04852_2.00,CisBP
M04853_2.00,CisBP
M04854_2.00,CisBP
M04855_2.00,CisBP
M04856_2.00,CisBP
M06197_2.00,CisBP
M09083_2.00,CisBP
M09111_2.00,CisBP
M09114_2.00,CisBP
M10526_2.00,CisBP
M10558_2.00,CisBP
M10565_2.00,CisBP
M10570_2.00,CisBP
M10571_2.00,CisBP
M03750_2.00,CisBP
M03751_2.00,CisBP
M00792_2.00,CisBP
M00793_2.00,CisBP
M00836_2.00,CisBP
M00837_2.00,CisBP
M01976_2.00,CisBP
M03753_2.00,CisBP
M04811_2.00,CisBP
M04812_2.00,CisBP
M05866_2.00,CisBP
M06201_2.00,CisBP
M06202_2.00,CisBP
M06203_2.00,CisBP
M08115_2.00,CisBP
M08116_2.00,CisBP
M09086_2.00,CisBP
M09089_2.00,CisBP
M09101_2.00,CisBP
M09541_2.00,CisBP
M00162_2.00,CisBP
M01983_2.00,CisBP
M03028_2.00,CisBP
M03029_2.00,CisBP
M03030_2.00,CisBP
M03031_2.00,CisBP
M03734_2.00,CisBP
M03735_2.00,CisBP
M03743_2.00,CisBP
M04815_2.00,CisBP
M04816_2.00,CisBP
M04817_2.00,CisBP
M04818_2.00,CisBP
M04819_2.00,CisBP
M04820_2.00,CisBP
M04821_2.00,CisBP
M04822_2.00,CisBP
M04831_2.00,CisBP
M04832_2.00,CisBP
M04833_2.00,CisBP
M04834_2.00,CisBP
M04837_2.00,CisBP
M04838_2.00,CisBP
M06194_2.00,CisBP
M06473_2.00,CisBP
M07959_2.00,CisBP
M07960_2.00,CisBP
M07961_2.00,CisBP
M07962_2.00,CisBP
M08028_2.00,CisBP
M08117_2.00,CisBP
M08121_2.00,CisBP
M08123_2.00,CisBP
M08199_2.00,CisBP
M08200_2.00,CisBP
M08201_2.00,CisBP
M09088_2.00,CisBP
M09090_2.00,CisBP
M09096_2.00,CisBP
M09103_2.00,CisBP
M09104_2.00,CisBP
M09106_2.00,CisBP
M09542_2.00,CisBP
M09543_2.00,CisBP
M09544_2.00,CisBP
M09545_2.00,CisBP
M09548_2.00,CisBP
M09668_2.00,CisBP
M10540_2.00,CisBP
M10575_2.00,CisBP
M00665_2.00,CisBP
M00664_2.00,CisBP
M00791_2.00,CisBP
M01978_2.00,CisBP
M01986_2.00,CisBP
M02680_2.00,CisBP
M03032_2.00,CisBP
M03033_2.00,CisBP
M03052_2.00,CisBP
M03053_2.00,CisBP
M03054_2.00,CisBP
M03736_2.00,CisBP
M03737_2.00,CisBP
M04839_2.00,CisBP
M04840_2.00,CisBP
M04847_2.00,CisBP
M04848_2.00,CisBP
M06195_2.00,CisBP
M06474_2.00,CisBP
M09112_2.00,CisBP
M09669_2.00,CisBP
M10530_2.00,CisBP
M10548_2.00,CisBP
M00161_2.00,CisBP
M01016_2.00,CisBP
M03752_2.00,CisBP
M06199_2.00,CisBP
M06200_2.00,CisBP
M00165_2.00,CisBP
M00166_2.00,CisBP
M00167_2.00,CisBP
M00799_2.00,CisBP
M02738_2.00,CisBP
M02739_2.00,CisBP
M03063_2.00,CisBP
M03064_2.00,CisBP
M03065_2.00,CisBP
M03066_2.00,CisBP
M03754_2.00,CisBP
M03755_2.00,CisBP
M03756_2.00,CisBP
M03757_2.00,CisBP
M03758_2.00,CisBP
M03759_2.00,CisBP
M03760_2.00,CisBP
M04861_2.00,CisBP
M04862_2.00,CisBP
M04863_2.00,CisBP
M04864_2.00,CisBP
M04865_2.00,CisBP
M04866_2.00,CisBP
M04867_2.00,CisBP
M04868_2.00,CisBP
M04869_2.00,CisBP
M04870_2.00,CisBP
M04871_2.00,CisBP
M04872_2.00,CisBP
M04873_2.00,CisBP
M04874_2.00,CisBP
M04875_2.00,CisBP
M04876_2.00,CisBP
M04877_2.00,CisBP
M04878_2.00,CisBP
M04879_2.00,CisBP
M04880_2.00,CisBP
M05867_2.00,CisBP
M06204_2.00,CisBP
M06205_2.00,CisBP
M06206_2.00,CisBP
M07963_2.00,CisBP
M07964_2.00,CisBP
M07965_2.00,CisBP
M07966_2.00,CisBP
M07967_2.00,CisBP
M07968_2.00,CisBP
M07969_2.00,CisBP
M07970_2.00,CisBP
M08124_2.00,CisBP
M08125_2.00,CisBP
M08126_2.00,CisBP
M08127_2.00,CisBP
M08202_2.00,CisBP
M08203_2.00,CisBP
M08204_2.00,CisBP
M08206_2.00,CisBP
M08207_2.00,CisBP
M08418_2.00,CisBP
M09115_2.00,CisBP
M09116_2.00,CisBP
M09117_2.00,CisBP
M09118_2.00,CisBP
M09119_2.00,CisBP
M09120_2.00,CisBP
M09121_2.00,CisBP
M09122_2.00,CisBP
M09123_2.00,CisBP
M09124_2.00,CisBP
M09549_2.00,CisBP
M09550_2.00,CisBP
M09551_2.00,CisBP
M09552_2.00,CisBP
M09553_2.00,CisBP
M09554_2.00,CisBP
M09555_2.00,CisBP
M09556_2.00,CisBP
M09670_2.00,CisBP
M10577_2.00,CisBP
M10578_2.00,CisBP
M10579_2.00,CisBP
M10580_2.00,CisBP
M10581_2.00,CisBP
M10582_2.00,CisBP
M10586_2.00,CisBP
M10587_2.00,CisBP
M10588_2.00,CisBP
M10592_2.00,CisBP
M10594_2.00,CisBP
M10595_2.00,CisBP
M10596_2.00,CisBP
M02052_2.00,CisBP
M00451_2.00,CisBP
M00485_2.00,CisBP
M00499_2.00,CisBP
M02128_2.00,CisBP
M06250_2.00,CisBP
M06251_2.00,CisBP
M06489_2.00,CisBP
M06550_2.00,CisBP
M00172_2.00,CisBP
M00260_2.00,CisBP
M00261_2.00,CisBP
M00262_2.00,CisBP
M00264_2.00,CisBP
M00266_2.00,CisBP
M00267_2.00,CisBP
M00268_2.00,CisBP
M00269_2.00,CisBP
M00278_2.00,CisBP
M00280_2.00,CisBP
M00281_2.00,CisBP
M00282_2.00,CisBP
M00283_2.00,CisBP
M00284_2.00,CisBP
M00285_2.00,CisBP
M00286_2.00,CisBP
M00287_2.00,CisBP
M00288_2.00,CisBP
M00289_2.00,CisBP
M00290_2.00,CisBP
M00292_2.00,CisBP
M00303_2.00,CisBP
M00304_2.00,CisBP
M00305_2.00,CisBP
M00315_2.00,CisBP
M00316_2.00,CisBP
M00317_2.00,CisBP
M00318_2.00,CisBP
M00319_2.00,CisBP
M00328_2.00,CisBP
M00329_2.00,CisBP
M00330_2.00,CisBP
M00333_2.00,CisBP
M00334_2.00,CisBP
M00381_2.00,CisBP
M00383_2.00,CisBP
M00384_2.00,CisBP
M00387_2.00,CisBP
M00388_2.00,CisBP
M00392_2.00,CisBP
M00393_2.00,CisBP
M00395_2.00,CisBP
M00398_2.00,CisBP
M00400_2.00,CisBP
M00401_2.00,CisBP
M00402_2.00,CisBP
M00403_2.00,CisBP
M00409_2.00,CisBP
M00413_2.00,CisBP
M00414_2.00,CisBP
M00417_2.00,CisBP
M00422_2.00,CisBP
M00423_2.00,CisBP
M00426_2.00,CisBP
M00429_2.00,CisBP
M00439_2.00,CisBP
M00442_2.00,CisBP
M00443_2.00,CisBP
M00446_2.00,CisBP
M00448_2.00,CisBP
M00449_2.00,CisBP
M00450_2.00,CisBP
M00452_2.00,CisBP
M00457_2.00,CisBP
M00459_2.00,CisBP
M00460_2.00,CisBP
M00462_2.00,CisBP
M00464_2.00,CisBP
M00467_2.00,CisBP
M00469_2.00,CisBP
M00471_2.00,CisBP
M00472_2.00,CisBP
M00476_2.00,CisBP
M00477_2.00,CisBP
M00478_2.00,CisBP
M00479_2.00,CisBP
M00480_2.00,CisBP
M00481_2.00,CisBP
M00484_2.00,CisBP
M00487_2.00,CisBP
M00491_2.00,CisBP
M00492_2.00,CisBP
M00494_2.00,CisBP
M00495_2.00,CisBP
M00498_2.00,CisBP
M00501_2.00,CisBP
M00503_2.00,CisBP
M00504_2.00,CisBP
M00507_2.00,CisBP
M00516_2.00,CisBP
M00517_2.00,CisBP
M00519_2.00,CisBP
M00524_2.00,CisBP
M00525_2.00,CisBP
M00526_2.00,CisBP
M00530_2.00,CisBP
M00531_2.00,CisBP
M00532_2.00,CisBP
M00555_2.00,CisBP
M00556_2.00,CisBP
M00557_2.00,CisBP
M00678_2.00,CisBP
M02079_2.00,CisBP
M02083_2.00,CisBP
M02084_2.00,CisBP
M02087_2.00,CisBP
M02088_2.00,CisBP
M02091_2.00,CisBP
M02095_2.00,CisBP
M02097_2.00,CisBP
M02098_2.00,CisBP
M02101_2.00,CisBP
M02112_2.00,CisBP
M02113_2.00,CisBP
M02114_2.00,CisBP
M02115_2.00,CisBP
M02118_2.00,CisBP
M02130_2.00,CisBP
M02150_2.00,CisBP
M02152_2.00,CisBP
M02154_2.00,CisBP
M02166_2.00,CisBP
M02179_2.00,CisBP
M02186_2.00,CisBP
M02221_2.00,CisBP
M02232_2.00,CisBP
M02234_2.00,CisBP
M02688_2.00,CisBP
M03076_2.00,CisBP
M03077_2.00,CisBP
M03078_2.00,CisBP
M03079_2.00,CisBP
M03081_2.00,CisBP
M03095_2.00,CisBP
M03096_2.00,CisBP
M03097_2.00,CisBP
M03102_2.00,CisBP
M03103_2.00,CisBP
M03104_2.00,CisBP
M03105_2.00,CisBP
M03112_2.00,CisBP
M03113_2.00,CisBP
M03114_2.00,CisBP
M03118_2.00,CisBP
M03119_2.00,CisBP
M03124_2.00,CisBP
M03125_2.00,CisBP
M03126_2.00,CisBP
M03127_2.00,CisBP
M03128_2.00,CisBP
M03137_2.00,CisBP
M03138_2.00,CisBP
M03143_2.00,CisBP
M03144_2.00,CisBP
M03145_2.00,CisBP
M03149_2.00,CisBP
M03151_2.00,CisBP
M03152_2.00,CisBP
M03155_2.00,CisBP
M03156_2.00,CisBP
M03157_2.00,CisBP
M03158_2.00,CisBP
M03159_2.00,CisBP
M03160_2.00,CisBP
M03161_2.00,CisBP
M03162_2.00,CisBP
M03166_2.00,CisBP
M03169_2.00,CisBP
M03170_2.00,CisBP
M03172_2.00,CisBP
M03173_2.00,CisBP
M03174_2.00,CisBP
M03180_2.00,CisBP
M03181_2.00,CisBP
M03182_2.00,CisBP
M03183_2.00,CisBP
M03184_2.00,CisBP
M03185_2.00,CisBP
M03186_2.00,CisBP
M03189_2.00,CisBP
M03190_2.00,CisBP
M03191_2.00,CisBP
M03192_2.00,CisBP
M03193_2.00,CisBP
M03194_2.00,CisBP
M03199_2.00,CisBP
M03201_2.00,CisBP
M03202_2.00,CisBP
M03203_2.00,CisBP
M03204_2.00,CisBP
M03205_2.00,CisBP
M03210_2.00,CisBP
M03211_2.00,CisBP
M03213_2.00,CisBP
M03214_2.00,CisBP
M03215_2.00,CisBP
M03216_2.00,CisBP
M03217_2.00,CisBP
M03218_2.00,CisBP
M03219_2.00,CisBP
M03220_2.00,CisBP
M03221_2.00,CisBP
M03226_2.00,CisBP
M03227_2.00,CisBP
M03231_2.00,CisBP
M03232_2.00,CisBP
M03233_2.00,CisBP
M03234_2.00,CisBP
M03235_2.00,CisBP
M03241_2.00,CisBP
M03243_2.00,CisBP
M03251_2.00,CisBP
M03254_2.00,CisBP
M03255_2.00,CisBP
M03256_2.00,CisBP
M03263_2.00,CisBP
M03264_2.00,CisBP
M03265_2.00,CisBP
M03267_2.00,CisBP
M03268_2.00,CisBP
M03269_2.00,CisBP
M03271_2.00,CisBP
M03272_2.00,CisBP
M03273_2.00,CisBP
M03276_2.00,CisBP
M03278_2.00,CisBP
M03281_2.00,CisBP
M03286_2.00,CisBP
M03287_2.00,CisBP
M03776_2.00,CisBP
M03777_2.00,CisBP
M03778_2.00,CisBP
M03784_2.00,CisBP
M03785_2.00,CisBP
M03786_2.00,CisBP
M03787_2.00,CisBP
M03788_2.00,CisBP
M03789_2.00,CisBP
M03790_2.00,CisBP
M03791_2.00,CisBP
M03792_2.00,CisBP
M03793_2.00,CisBP
M03794_2.00,CisBP
M03795_2.00,CisBP
M03797_2.00,CisBP
M03798_2.00,CisBP
M03799_2.00,CisBP
M03805_2.00,CisBP
M03806_2.00,CisBP
M03807_2.00,CisBP
M03813_2.00,CisBP
M03814_2.00,CisBP
M03826_2.00,CisBP
M03827_2.00,CisBP
M03828_2.00,CisBP
M03832_2.00,CisBP
M03833_2.00,CisBP
M03834_2.00,CisBP
M03835_2.00,CisBP
M03836_2.00,CisBP
M03840_2.00,CisBP
M03841_2.00,CisBP
M03845_2.00,CisBP
M03846_2.00,CisBP
M03847_2.00,CisBP
M03848_2.00,CisBP
M03849_2.00,CisBP
M03851_2.00,CisBP
M03852_2.00,CisBP
M03855_2.00,CisBP
M03856_2.00,CisBP
M03857_2.00,CisBP
M03858_2.00,CisBP
M03863_2.00,CisBP
M03864_2.00,CisBP
M03871_2.00,CisBP
M03872_2.00,CisBP
M03874_2.00,CisBP
M03875_2.00,CisBP
M03876_2.00,CisBP
M03877_2.00,CisBP
M03878_2.00,CisBP
M03880_2.00,CisBP
M03881_2.00,CisBP
M03882_2.00,CisBP
M04895_2.00,CisBP
M04896_2.00,CisBP
M04901_2.00,CisBP
M04902_2.00,CisBP
M04903_2.00,CisBP
M04904_2.00,CisBP
M04905_2.00,CisBP
M04906_2.00,CisBP
M04907_2.00,CisBP
M04915_2.00,CisBP
M04916_2.00,CisBP
M04917_2.00,CisBP
M04918_2.00,CisBP
M04919_2.00,CisBP
M04922_2.00,CisBP
M04923_2.00,CisBP
M04924_2.00,CisBP
M04925_2.00,CisBP
M04926_2.00,CisBP
M04927_2.00,CisBP
M04953_2.00,CisBP
M04954_2.00,CisBP
M04955_2.00,CisBP
M04956_2.00,CisBP
M04957_2.00,CisBP
M04958_2.00,CisBP
M04959_2.00,CisBP
M04960_2.00,CisBP
M04961_2.00,CisBP
M04962_2.00,CisBP
M04963_2.00,CisBP
M04964_2.00,CisBP
M04965_2.00,CisBP
M04966_2.00,CisBP
M04967_2.00,CisBP
M04968_2.00,CisBP
M04969_2.00,CisBP
M04970_2.00,CisBP
M04971_2.00,CisBP
M04972_2.00,CisBP
M04973_2.00,CisBP
M04974_2.00,CisBP
M04975_2.00,CisBP
M04976_2.00,CisBP
M04985_2.00,CisBP
M04986_2.00,CisBP
M04987_2.00,CisBP
M04988_2.00,CisBP
M04989_2.00,CisBP
M04990_2.00,CisBP
M04991_2.00,CisBP
M04999_2.00,CisBP
M05000_2.00,CisBP
M05001_2.00,CisBP
M05002_2.00,CisBP
M05003_2.00,CisBP
M05004_2.00,CisBP
M05005_2.00,CisBP
M05006_2.00,CisBP
M05007_2.00,CisBP
M05008_2.00,CisBP
M05009_2.00,CisBP
M05010_2.00,CisBP
M05011_2.00,CisBP
M05015_2.00,CisBP
M05016_2.00,CisBP
M05017_2.00,CisBP
M05020_2.00,CisBP
M05021_2.00,CisBP
M05026_2.00,CisBP
M05027_2.00,CisBP
M05028_2.00,CisBP
M05029_2.00,CisBP
M05030_2.00,CisBP
M05031_2.00,CisBP
M05036_2.00,CisBP
M05037_2.00,CisBP
M05038_2.00,CisBP
M05039_2.00,CisBP
M05040_2.00,CisBP
M05041_2.00,CisBP
M05048_2.00,CisBP
M05049_2.00,CisBP
M05050_2.00,CisBP
M05051_2.00,CisBP
M05052_2.00,CisBP
M05053_2.00,CisBP
M05054_2.00,CisBP
M05055_2.00,CisBP
M05056_2.00,CisBP
M05057_2.00,CisBP
M05058_2.00,CisBP
M05059_2.00,CisBP
M05060_2.00,CisBP
M05061_2.00,CisBP
M05062_2.00,CisBP
M05069_2.00,CisBP
M05070_2.00,CisBP
M05071_2.00,CisBP
M05087_2.00,CisBP
M05088_2.00,CisBP
M05089_2.00,CisBP
M05090_2.00,CisBP
M05098_2.00,CisBP
M05099_2.00,CisBP
M05100_2.00,CisBP
M05101_2.00,CisBP
M05102_2.00,CisBP
M05103_2.00,CisBP
M05126_2.00,CisBP
M05127_2.00,CisBP
M05128_2.00,CisBP
M05142_2.00,CisBP
M05143_2.00,CisBP
M05144_2.00,CisBP
M05145_2.00,CisBP
M05146_2.00,CisBP
M05147_2.00,CisBP
M05148_2.00,CisBP
M05161_2.00,CisBP
M05162_2.00,CisBP
M05163_2.00,CisBP
M05164_2.00,CisBP
M05165_2.00,CisBP
M05166_2.00,CisBP
M05167_2.00,CisBP
M05168_2.00,CisBP
M05169_2.00,CisBP
M05176_2.00,CisBP
M05177_2.00,CisBP
M05178_2.00,CisBP
M05179_2.00,CisBP
M05188_2.00,CisBP
M05189_2.00,CisBP
M05190_2.00,CisBP
M05195_2.00,CisBP
M05196_2.00,CisBP
M05197_2.00,CisBP
M05198_2.00,CisBP
M05199_2.00,CisBP
M05200_2.00,CisBP
M05218_2.00,CisBP
M05219_2.00,CisBP
M05220_2.00,CisBP
M05221_2.00,CisBP
M05222_2.00,CisBP
M05223_2.00,CisBP
M05224_2.00,CisBP
M05225_2.00,CisBP
M05226_2.00,CisBP
M05237_2.00,CisBP
M05238_2.00,CisBP
M05239_2.00,CisBP
M05240_2.00,CisBP
M05241_2.00,CisBP
M05244_2.00,CisBP
M05245_2.00,CisBP
M05253_2.00,CisBP
M05254_2.00,CisBP
M05265_2.00,CisBP
M05266_2.00,CisBP
M05267_2.00,CisBP
M05268_2.00,CisBP
M05269_2.00,CisBP
M05270_2.00,CisBP
M05271_2.00,CisBP
M05272_2.00,CisBP
M05273_2.00,CisBP
M05274_2.00,CisBP
M05275_2.00,CisBP
M05276_2.00,CisBP
M05277_2.00,CisBP
M05278_2.00,CisBP
M05281_2.00,CisBP
M05282_2.00,CisBP
M05292_2.00,CisBP
M05293_2.00,CisBP
M05294_2.00,CisBP
M05295_2.00,CisBP
M05296_2.00,CisBP
M05297_2.00,CisBP
M05298_2.00,CisBP
M05299_2.00,CisBP
M05300_2.00,CisBP
M05301_2.00,CisBP
M05302_2.00,CisBP
M05303_2.00,CisBP
M05304_2.00,CisBP
M05305_2.00,CisBP
M05306_2.00,CisBP
M05307_2.00,CisBP
M05308_2.00,CisBP
M05309_2.00,CisBP
M05310_2.00,CisBP
M05311_2.00,CisBP
M05312_2.00,CisBP
M05327_2.00,CisBP
M05328_2.00,CisBP
M05329_2.00,CisBP
M05330_2.00,CisBP
M05343_2.00,CisBP
M05344_2.00,CisBP
M05345_2.00,CisBP
M05359_2.00,CisBP
M05360_2.00,CisBP
M05361_2.00,CisBP
M05366_2.00,CisBP
M05367_2.00,CisBP
M05368_2.00,CisBP
M05373_2.00,CisBP
M05374_2.00,CisBP
M05375_2.00,CisBP
M05376_2.00,CisBP
M05377_2.00,CisBP
M05378_2.00,CisBP
M05379_2.00,CisBP
M05380_2.00,CisBP
M05381_2.00,CisBP
M05382_2.00,CisBP
M05385_2.00,CisBP
M05386_2.00,CisBP
M05387_2.00,CisBP
M05390_2.00,CisBP
M05391_2.00,CisBP
M05392_2.00,CisBP
M05393_2.00,CisBP
M05404_2.00,CisBP
M05405_2.00,CisBP
M05406_2.00,CisBP
M05407_2.00,CisBP
M05408_2.00,CisBP
M05409_2.00,CisBP
M05871_2.00,CisBP
M06212_2.00,CisBP
M06213_2.00,CisBP
M06214_2.00,CisBP
M06215_2.00,CisBP
M06216_2.00,CisBP
M06217_2.00,CisBP
M06218_2.00,CisBP
M06226_2.00,CisBP
M06227_2.00,CisBP
M06228_2.00,CisBP
M06229_2.00,CisBP
M06230_2.00,CisBP
M06231_2.00,CisBP
M06232_2.00,CisBP
M06233_2.00,CisBP
M06234_2.00,CisBP
M06235_2.00,CisBP
M06236_2.00,CisBP
M06237_2.00,CisBP
M06238_2.00,CisBP
M06239_2.00,CisBP
M06240_2.00,CisBP
M06241_2.00,CisBP
M06242_2.00,CisBP
M06247_2.00,CisBP
M06248_2.00,CisBP
M06249_2.00,CisBP
M06255_2.00,CisBP
M06256_2.00,CisBP
M06257_2.00,CisBP
M06260_2.00,CisBP
M06261_2.00,CisBP
M06262_2.00,CisBP
M06263_2.00,CisBP
M06264_2.00,CisBP
M06265_2.00,CisBP
M06266_2.00,CisBP
M06267_2.00,CisBP
M06276_2.00,CisBP
M06277_2.00,CisBP
M06278_2.00,CisBP
M06279_2.00,CisBP
M06280_2.00,CisBP
M06281_2.00,CisBP
M06291_2.00,CisBP
M06292_2.00,CisBP
M06293_2.00,CisBP
M06294_2.00,CisBP
M06301_2.00,CisBP
M06302_2.00,CisBP
M06307_2.00,CisBP
M06308_2.00,CisBP
M06309_2.00,CisBP
M06310_2.00,CisBP
M06311_2.00,CisBP
M06312_2.00,CisBP
M06317_2.00,CisBP
M06318_2.00,CisBP
M06321_2.00,CisBP
M06322_2.00,CisBP
M06323_2.00,CisBP
M06324_2.00,CisBP
M06325_2.00,CisBP
M06326_2.00,CisBP
M06329_2.00,CisBP
M06330_2.00,CisBP
M06331_2.00,CisBP
M06337_2.00,CisBP
M06338_2.00,CisBP
M06339_2.00,CisBP
M06340_2.00,CisBP
M06347_2.00,CisBP
M06348_2.00,CisBP
M06349_2.00,CisBP
M06354_2.00,CisBP
M06355_2.00,CisBP
M06364_2.00,CisBP
M06365_2.00,CisBP
M06366_2.00,CisBP
M06367_2.00,CisBP
M06370_2.00,CisBP
M06371_2.00,CisBP
M06374_2.00,CisBP
M06375_2.00,CisBP
M06376_2.00,CisBP
M06382_2.00,CisBP
M06383_2.00,CisBP
M06384_2.00,CisBP
M06385_2.00,CisBP
M06386_2.00,CisBP
M06387_2.00,CisBP
M06477_2.00,CisBP
M06478_2.00,CisBP
M06479_2.00,CisBP
M06481_2.00,CisBP
M06482_2.00,CisBP
M06483_2.00,CisBP
M06484_2.00,CisBP
M06485_2.00,CisBP
M06486_2.00,CisBP
M06488_2.00,CisBP
M06491_2.00,CisBP
M06493_2.00,CisBP
M06494_2.00,CisBP
M06495_2.00,CisBP
M06496_2.00,CisBP
M06500_2.00,CisBP
M06501_2.00,CisBP
M06506_2.00,CisBP
M06507_2.00,CisBP
M06511_2.00,CisBP
M06515_2.00,CisBP
M06516_2.00,CisBP
M06517_2.00,CisBP
M06520_2.00,CisBP
M06522_2.00,CisBP
M06523_2.00,CisBP
M06524_2.00,CisBP
M06525_2.00,CisBP
M06527_2.00,CisBP
M06528_2.00,CisBP
M06531_2.00,CisBP
M06532_2.00,CisBP
M06536_2.00,CisBP
M06539_2.00,CisBP
M06544_2.00,CisBP
M06545_2.00,CisBP
M06547_2.00,CisBP
M06549_2.00,CisBP
M06553_2.00,CisBP
M06554_2.00,CisBP
M08211_2.00,CisBP
M08457_2.00,CisBP
M09129_2.00,CisBP
M09133_2.00,CisBP
M09139_2.00,CisBP
M09141_2.00,CisBP
M09147_2.00,CisBP
M09158_2.00,CisBP
M09160_2.00,CisBP
M09162_2.00,CisBP
M09166_2.00,CisBP
M09172_2.00,CisBP
M09173_2.00,CisBP
M09174_2.00,CisBP
M09176_2.00,CisBP
M09180_2.00,CisBP
M09181_2.00,CisBP
M09192_2.00,CisBP
M09194_2.00,CisBP
M09195_2.00,CisBP
M09196_2.00,CisBP
M09201_2.00,CisBP
M09204_2.00,CisBP
M09206_2.00,CisBP
M09210_2.00,CisBP
M09214_2.00,CisBP
M09564_2.00,CisBP
M09565_2.00,CisBP
M09566_2.00,CisBP
M09571_2.00,CisBP
M09576_2.00,CisBP
M09582_2.00,CisBP
M09675_2.00,CisBP
M09676_2.00,CisBP
M09677_2.00,CisBP
M09678_2.00,CisBP
M09679_2.00,CisBP
M09682_2.00,CisBP
M10651_2.00,CisBP
M10652_2.00,CisBP
M10672_2.00,CisBP
M10676_2.00,CisBP
M10714_2.00,CisBP
M10715_2.00,CisBP
M10741_2.00,CisBP
M10754_2.00,CisBP
M10784_2.00,CisBP
M10787_2.00,CisBP
M10804_2.00,CisBP
M10805_2.00,CisBP
M02142_2.00,CisBP
M03087_2.00,CisBP
M03088_2.00,CisBP
M03168_2.00,CisBP
M04941_2.00,CisBP
M04942_2.00,CisBP
M04943_2.00,CisBP
M04944_2.00,CisBP
M04945_2.00,CisBP
M04946_2.00,CisBP
M05182_2.00,CisBP
M05183_2.00,CisBP
M05869_2.00,CisBP
M00279_2.00,CisBP
M00291_2.00,CisBP
M00306_2.00,CisBP
M00307_2.00,CisBP
M00308_2.00,CisBP
M00309_2.00,CisBP
M00405_2.00,CisBP
M00430_2.00,CisBP
M00431_2.00,CisBP
M00433_2.00,CisBP
M00435_2.00,CisBP
M00436_2.00,CisBP
M00445_2.00,CisBP
M00486_2.00,CisBP
M00508_2.00,CisBP
M02033_2.00,CisBP
M02116_2.00,CisBP
M02129_2.00,CisBP
M02162_2.00,CisBP
M02187_2.00,CisBP
M02212_2.00,CisBP
M02233_2.00,CisBP
M02687_2.00,CisBP
M03120_2.00,CisBP
M03121_2.00,CisBP
M03122_2.00,CisBP
M03135_2.00,CisBP
M03136_2.00,CisBP
M03200_2.00,CisBP
M03257_2.00,CisBP
M03258_2.00,CisBP
M03259_2.00,CisBP
M03260_2.00,CisBP
M03277_2.00,CisBP
M03796_2.00,CisBP
M03810_2.00,CisBP
M03811_2.00,CisBP
M03829_2.00,CisBP
M03830_2.00,CisBP
M03853_2.00,CisBP
M03865_2.00,CisBP
M03866_2.00,CisBP
M03867_2.00,CisBP
M03868_2.00,CisBP
M03879_2.00,CisBP
M04936_2.00,CisBP
M04937_2.00,CisBP
M04938_2.00,CisBP
M05063_2.00,CisBP
M05064_2.00,CisBP
M05065_2.00,CisBP
M05066_2.00,CisBP
M05067_2.00,CisBP
M05068_2.00,CisBP
M05083_2.00,CisBP
M05084_2.00,CisBP
M05085_2.00,CisBP
M05086_2.00,CisBP
M05091_2.00,CisBP
M05092_2.00,CisBP
M05093_2.00,CisBP
M05258_2.00,CisBP
M05259_2.00,CisBP
M05260_2.00,CisBP
M05261_2.00,CisBP
M05262_2.00,CisBP
M05263_2.00,CisBP
M05264_2.00,CisBP
M05410_2.00,CisBP
M05411_2.00,CisBP
M06258_2.00,CisBP
M06259_2.00,CisBP
M06332_2.00,CisBP
M06333_2.00,CisBP
M06350_2.00,CisBP
M06351_2.00,CisBP
M06380_2.00,CisBP
M06381_2.00,CisBP
M06492_2.00,CisBP
M06503_2.00,CisBP
M06512_2.00,CisBP
M06529_2.00,CisBP
M06537_2.00,CisBP
M06552_2.00,CisBP
M09137_2.00,CisBP
M09156_2.00,CisBP
M09188_2.00,CisBP
M09207_2.00,CisBP
M09570_2.00,CisBP
M10767_2.00,CisBP
M00399_2.00,CisBP
M00407_2.00,CisBP
M00437_2.00,CisBP
M00468_2.00,CisBP
M00488_2.00,CisBP
M00500_2.00,CisBP
M00521_2.00,CisBP
M02185_2.00,CisBP
M02740_2.00,CisBP
M02741_2.00,CisBP
M03123_2.00,CisBP
M03147_2.00,CisBP
M03148_2.00,CisBP
M03165_2.00,CisBP
M03171_2.00,CisBP
M03178_2.00,CisBP
M03195_2.00,CisBP
M03223_2.00,CisBP
M03261_2.00,CisBP
M03262_2.00,CisBP
M03270_2.00,CisBP
M03279_2.00,CisBP
M03280_2.00,CisBP
M03859_2.00,CisBP
M03860_2.00,CisBP
M03861_2.00,CisBP
M03862_2.00,CisBP
M05032_2.00,CisBP
M05033_2.00,CisBP
M05034_2.00,CisBP
M05035_2.00,CisBP
M05138_2.00,CisBP
M05139_2.00,CisBP
M05140_2.00,CisBP
M05141_2.00,CisBP
M05191_2.00,CisBP
M05192_2.00,CisBP
M05193_2.00,CisBP
M05194_2.00,CisBP
M05206_2.00,CisBP
M05207_2.00,CisBP
M05208_2.00,CisBP
M05209_2.00,CisBP
M05246_2.00,CisBP
M05247_2.00,CisBP
M05313_2.00,CisBP
M05314_2.00,CisBP
M05317_2.00,CisBP
M05318_2.00,CisBP
M06252_2.00,CisBP
M06253_2.00,CisBP
M06254_2.00,CisBP
M06343_2.00,CisBP
M06344_2.00,CisBP
M06345_2.00,CisBP
M06346_2.00,CisBP
M06490_2.00,CisBP
M06534_2.00,CisBP
M06535_2.00,CisBP
M09143_2.00,CisBP
M09148_2.00,CisBP
M09150_2.00,CisBP
M09159_2.00,CisBP
M09175_2.00,CisBP
M09178_2.00,CisBP
M09189_2.00,CisBP
M09211_2.00,CisBP
M09568_2.00,CisBP
M10709_2.00,CisBP
M10740_2.00,CisBP
M02143_2.00,CisBP
M00380_2.00,CisBP
M00406_2.00,CisBP
M00671_2.00,CisBP
M02085_2.00,CisBP
M03106_2.00,CisBP
M03107_2.00,CisBP
M03163_2.00,CisBP
M03164_2.00,CisBP
M05170_2.00,CisBP
M05171_2.00,CisBP
M05172_2.00,CisBP
M05173_2.00,CisBP
M05174_2.00,CisBP
M05175_2.00,CisBP
M09136_2.00,CisBP
M09169_2.00,CisBP
M09562_2.00,CisBP
M00263_2.00,CisBP
M00265_2.00,CisBP
M00432_2.00,CisBP
M00434_2.00,CisBP
M00482_2.00,CisBP
M00534_2.00,CisBP
M00561_2.00,CisBP
M01850_2.00,CisBP
M02086_2.00,CisBP
M02089_2.00,CisBP
M02090_2.00,CisBP
M02121_2.00,CisBP
M02148_2.00,CisBP
M02182_2.00,CisBP
M02188_2.00,CisBP
M03108_2.00,CisBP
M03109_2.00,CisBP
M03110_2.00,CisBP
M03153_2.00,CisBP
M03154_2.00,CisBP
M03179_2.00,CisBP
M03288_2.00,CisBP
M03289_2.00,CisBP
M03290_2.00,CisBP
M03815_2.00,CisBP
M03816_2.00,CisBP
M03822_2.00,CisBP
M03823_2.00,CisBP
M03824_2.00,CisBP
M03825_2.00,CisBP
M03831_2.00,CisBP
M03873_2.00,CisBP
M04992_2.00,CisBP
M04993_2.00,CisBP
M04994_2.00,CisBP
M04995_2.00,CisBP
M04996_2.00,CisBP
M05153_2.00,CisBP
M05154_2.00,CisBP
M05155_2.00,CisBP
M05156_2.00,CisBP
M05157_2.00,CisBP
M05158_2.00,CisBP
M05210_2.00,CisBP
M05211_2.00,CisBP
M05212_2.00,CisBP
M05213_2.00,CisBP
M05214_2.00,CisBP
M05215_2.00,CisBP
M05216_2.00,CisBP
M05217_2.00,CisBP
M05870_2.00,CisBP
M06295_2.00,CisBP
M06296_2.00,CisBP
M06299_2.00,CisBP
M06300_2.00,CisBP
M06303_2.00,CisBP
M06304_2.00,CisBP
M06352_2.00,CisBP
M06353_2.00,CisBP
M06368_2.00,CisBP
M06369_2.00,CisBP
M06508_2.00,CisBP
M06510_2.00,CisBP
M06513_2.00,CisBP
M06538_2.00,CisBP
M06546_2.00,CisBP
M09187_2.00,CisBP
M02144_2.00,CisBP
M00270_2.00,CisBP
M00271_2.00,CisBP
M00272_2.00,CisBP
M00273_2.00,CisBP
M00274_2.00,CisBP
M00275_2.00,CisBP
M00310_2.00,CisBP
M00311_2.00,CisBP
M00312_2.00,CisBP
M00313_2.00,CisBP
M00314_2.00,CisBP
M00396_2.00,CisBP
M00411_2.00,CisBP
M00415_2.00,CisBP
M00418_2.00,CisBP
M00428_2.00,CisBP
M00440_2.00,CisBP
M00441_2.00,CisBP
M00489_2.00,CisBP
M00490_2.00,CisBP
M00562_2.00,CisBP
M00673_2.00,CisBP
M00674_2.00,CisBP
M00679_2.00,CisBP
M02080_2.00,CisBP
M02120_2.00,CisBP
M02122_2.00,CisBP
M02123_2.00,CisBP
M03080_2.00,CisBP
M03082_2.00,CisBP
M03083_2.00,CisBP
M03084_2.00,CisBP
M03111_2.00,CisBP
M03116_2.00,CisBP
M03117_2.00,CisBP
M03146_2.00,CisBP
M03197_2.00,CisBP
M03198_2.00,CisBP
M03236_2.00,CisBP
M03237_2.00,CisBP
M03238_2.00,CisBP
M03249_2.00,CisBP
M03250_2.00,CisBP
M03808_2.00,CisBP
M03817_2.00,CisBP
M03818_2.00,CisBP
M03819_2.00,CisBP
M03820_2.00,CisBP
M03821_2.00,CisBP
M03842_2.00,CisBP
M03843_2.00,CisBP
M03844_2.00,CisBP
M04920_2.00,CisBP
M04921_2.00,CisBP
M04928_2.00,CisBP
M04929_2.00,CisBP
M04930_2.00,CisBP
M04931_2.00,CisBP
M04949_2.00,CisBP
M04950_2.00,CisBP
M04997_2.00,CisBP
M04998_2.00,CisBP
M05022_2.00,CisBP
M05023_2.00,CisBP
M05024_2.00,CisBP
M05025_2.00,CisBP
M05134_2.00,CisBP
M05135_2.00,CisBP
M05136_2.00,CisBP
M05137_2.00,CisBP
M05229_2.00,CisBP
M05230_2.00,CisBP
M05231_2.00,CisBP
M05232_2.00,CisBP
M05251_2.00,CisBP
M05252_2.00,CisBP
M05383_2.00,CisBP
M05384_2.00,CisBP
M05388_2.00,CisBP
M05389_2.00,CisBP
M05873_2.00,CisBP
M06282_2.00,CisBP
M06283_2.00,CisBP
M06297_2.00,CisBP
M06298_2.00,CisBP
M06319_2.00,CisBP
M06320_2.00,CisBP
M06502_2.00,CisBP
M06509_2.00,CisBP
M06521_2.00,CisBP
M08139_2.00,CisBP
M09132_2.00,CisBP
M09153_2.00,CisBP
M09182_2.00,CisBP
M09183_2.00,CisBP
M09208_2.00,CisBP
M09569_2.00,CisBP
M09577_2.00,CisBP
M09584_2.00,CisBP
M09681_2.00,CisBP
M02145_2.00,CisBP
M02163_2.00,CisBP
M02164_2.00,CisBP
M05233_2.00,CisBP
M05234_2.00,CisBP
M05235_2.00,CisBP
M05236_2.00,CisBP
M06289_2.00,CisBP
M06290_2.00,CisBP
M06505_2.00,CisBP
M00458_2.00,CisBP
M03177_2.00,CisBP
M04908_2.00,CisBP
M04909_2.00,CisBP
M04910_2.00,CisBP
M04911_2.00,CisBP
M05204_2.00,CisBP
M05205_2.00,CisBP
M09128_2.00,CisBP
M09209_2.00,CisBP
M09578_2.00,CisBP
M02147_2.00,CisBP
M02126_2.00,CisBP
M02180_2.00,CisBP
M06372_2.00,CisBP
M06373_2.00,CisBP
M06548_2.00,CisBP
M00465_2.00,CisBP
M01849_2.00,CisBP
M03224_2.00,CisBP
M03225_2.00,CisBP
M05321_2.00,CisBP
M05322_2.00,CisBP
M05323_2.00,CisBP
M05324_2.00,CisBP
M05325_2.00,CisBP
M05326_2.00,CisBP
M00425_2.00,CisBP
M00461_2.00,CisBP
M00512_2.00,CisBP
M00563_2.00,CisBP
M00672_2.00,CisBP
M02117_2.00,CisBP
M03800_2.00,CisBP
M03801_2.00,CisBP
M03802_2.00,CisBP
M03803_2.00,CisBP
M04939_2.00,CisBP
M04940_2.00,CisBP
M05094_2.00,CisBP
M05095_2.00,CisBP
M05096_2.00,CisBP
M05097_2.00,CisBP
M05285_2.00,CisBP
M05286_2.00,CisBP
M05287_2.00,CisBP
M05288_2.00,CisBP
M06268_2.00,CisBP
M06269_2.00,CisBP
M06334_2.00,CisBP
M06335_2.00,CisBP
M06336_2.00,CisBP
M06497_2.00,CisBP
M06530_2.00,CisBP
M08130_2.00,CisBP
M08133_2.00,CisBP
M08208_2.00,CisBP
M08209_2.00,CisBP
M09142_2.00,CisBP
M09157_2.00,CisBP
M09185_2.00,CisBP
M09198_2.00,CisBP
M09579_2.00,CisBP
M00376_2.00,CisBP
M00385_2.00,CisBP
M00438_2.00,CisBP
M00514_2.00,CisBP
M00520_2.00,CisBP
M00800_2.00,CisBP
M02181_2.00,CisBP
M03854_2.00,CisBP
M06377_2.00,CisBP
M06378_2.00,CisBP
M06379_2.00,CisBP
M06551_2.00,CisBP
M09146_2.00,CisBP
M09171_2.00,CisBP
M09190_2.00,CisBP
M09215_2.00,CisBP
M09563_2.00,CisBP
M09683_2.00,CisBP
M10681_2.00,CisBP
M00301_2.00,CisBP
M00302_2.00,CisBP
M00320_2.00,CisBP
M00321_2.00,CisBP
M00322_2.00,CisBP
M00323_2.00,CisBP
M00324_2.00,CisBP
M00404_2.00,CisBP
M00496_2.00,CisBP
M00497_2.00,CisBP
M00559_2.00,CisBP
M02686_2.00,CisBP
M03809_2.00,CisBP
M05042_2.00,CisBP
M05043_2.00,CisBP
M05044_2.00,CisBP
M05045_2.00,CisBP
M05046_2.00,CisBP
M05047_2.00,CisBP
M05149_2.00,CisBP
M05150_2.00,CisBP
M05151_2.00,CisBP
M05152_2.00,CisBP
M05346_2.00,CisBP
M05347_2.00,CisBP
M05348_2.00,CisBP
M06284_2.00,CisBP
M06285_2.00,CisBP
M06286_2.00,CisBP
M08136_2.00,CisBP
M08210_2.00,CisBP
M08421_2.00,CisBP
M09145_2.00,CisBP
M09163_2.00,CisBP
M09177_2.00,CisBP
M09567_2.00,CisBP
M10742_2.00,CisBP
M10743_2.00,CisBP
M03206_2.00,CisBP
M03207_2.00,CisBP
M03208_2.00,CisBP
M03209_2.00,CisBP
M05279_2.00,CisBP
M05280_2.00,CisBP
M02146_2.00,CisBP
M00466_2.00,CisBP
M00522_2.00,CisBP
M02165_2.00,CisBP
M03869_2.00,CisBP
M03870_2.00,CisBP
M05184_2.00,CisBP
M05185_2.00,CisBP
M05186_2.00,CisBP
M05187_2.00,CisBP
M05242_2.00,CisBP
M05243_2.00,CisBP
M06360_2.00,CisBP
M06361_2.00,CisBP
M06542_2.00,CisBP
M09151_2.00,CisBP
M09200_2.00,CisBP
M09573_2.00,CisBP
M10718_2.00,CisBP
M00169_2.00,CisBP
M00325_2.00,CisBP
M00326_2.00,CisBP
M00327_2.00,CisBP
M00412_2.00,CisBP
M00483_2.00,CisBP
M02124_2.00,CisBP
M03850_2.00,CisBP
M05159_2.00,CisBP
M05160_2.00,CisBP
M05357_2.00,CisBP
M05358_2.00,CisBP
M06327_2.00,CisBP
M06328_2.00,CisBP
M06526_2.00,CisBP
M00424_2.00,CisBP
M02082_2.00,CisBP
M02099_2.00,CisBP
M06270_2.00,CisBP
M06271_2.00,CisBP
M06272_2.00,CisBP
M06498_2.00,CisBP
M00515_2.00,CisBP
M00523_2.00,CisBP
M00527_2.00,CisBP
M00528_2.00,CisBP
M02149_2.00,CisBP
M03187_2.00,CisBP
M03188_2.00,CisBP
M05227_2.00,CisBP
M05228_2.00,CisBP
M09135_2.00,CisBP
M00170_2.00,CisBP
M00420_2.00,CisBP
M00506_2.00,CisBP
M00560_2.00,CisBP
M02119_2.00,CisBP
M03812_2.00,CisBP
M05012_2.00,CisBP
M05013_2.00,CisBP
M05014_2.00,CisBP
M05255_2.00,CisBP
M05256_2.00,CisBP
M05257_2.00,CisBP
M06287_2.00,CisBP
M06288_2.00,CisBP
M06504_2.00,CisBP
M09138_2.00,CisBP
M09154_2.00,CisBP
M09184_2.00,CisBP
M09212_2.00,CisBP
M09559_2.00,CisBP
M10730_2.00,CisBP
M00427_2.00,CisBP
M00447_2.00,CisBP
M03115_2.00,CisBP
M03196_2.00,CisBP
M05018_2.00,CisBP
M05019_2.00,CisBP
M05129_2.00,CisBP
M05130_2.00,CisBP
M05131_2.00,CisBP
M05248_2.00,CisBP
M05249_2.00,CisBP
M05250_2.00,CisBP
M08131_2.00,CisBP
M09140_2.00,CisBP
M09152_2.00,CisBP
M09186_2.00,CisBP
M09193_2.00,CisBP
M09197_2.00,CisBP
M09572_2.00,CisBP
M00276_2.00,CisBP
M00277_2.00,CisBP
M00513_2.00,CisBP
M02685_2.00,CisBP
M05362_2.00,CisBP
M05363_2.00,CisBP
M05364_2.00,CisBP
M05365_2.00,CisBP
M06243_2.00,CisBP
M06244_2.00,CisBP
M06245_2.00,CisBP
M06246_2.00,CisBP
M06487_2.00,CisBP
M08134_2.00,CisBP
M09164_2.00,CisBP
M09165_2.00,CisBP
M09199_2.00,CisBP
M09205_2.00,CisBP
M09561_2.00,CisBP
M10748_2.00,CisBP
M10749_2.00,CisBP
M00386_2.00,CisBP
M00416_2.00,CisBP
M00455_2.00,CisBP
M00456_2.00,CisBP
M03212_2.00,CisBP
M03222_2.00,CisBP
M05315_2.00,CisBP
M05316_2.00,CisBP
M06313_2.00,CisBP
M06314_2.00,CisBP
M06315_2.00,CisBP
M06316_2.00,CisBP
M06518_2.00,CisBP
M06519_2.00,CisBP
M01247_2.00,CisBP
M03244_2.00,CisBP
M05402_2.00,CisBP
M05403_2.00,CisBP
M08135_2.00,CisBP
M09167_2.00,CisBP
M02184_2.00,CisBP
M06358_2.00,CisBP
M06359_2.00,CisBP
M06541_2.00,CisBP
M02153_2.00,CisBP
M02151_2.00,CisBP
M03780_2.00,CisBP
M03781_2.00,CisBP
M03782_2.00,CisBP
M03783_2.00,CisBP
M06223_2.00,CisBP
M06224_2.00,CisBP
M06225_2.00,CisBP
M08420_2.00,CisBP
M09580_2.00,CisBP
M09674_2.00,CisBP
M02161_2.00,CisBP
M02167_2.00,CisBP
M02168_2.00,CisBP
M00335_2.00,CisBP
M00336_2.00,CisBP
M00337_2.00,CisBP
M00338_2.00,CisBP
M00339_2.00,CisBP
M00340_2.00,CisBP
M00341_2.00,CisBP
M00342_2.00,CisBP
M00343_2.00,CisBP
M00344_2.00,CisBP
M00540_2.00,CisBP
M02689_2.00,CisBP
M03291_2.00,CisBP
M03896_2.00,CisBP
M03897_2.00,CisBP
M03898_2.00,CisBP
M05412_2.00,CisBP
M05413_2.00,CisBP
M05414_2.00,CisBP
M05415_2.00,CisBP
M09216_2.00,CisBP
M09217_2.00,CisBP
M10806_2.00,CisBP
M00358_2.00,CisBP
M00359_2.00,CisBP
M00541_2.00,CisBP
M03292_2.00,CisBP
M03293_2.00,CisBP
M03297_2.00,CisBP
M03885_2.00,CisBP
M03886_2.00,CisBP
M03899_2.00,CisBP
M03900_2.00,CisBP
M03901_2.00,CisBP
M05416_2.00,CisBP
M05417_2.00,CisBP
M05418_2.00,CisBP
M05419_2.00,CisBP
M05420_2.00,CisBP
M05421_2.00,CisBP
M05422_2.00,CisBP
M05423_2.00,CisBP
M05424_2.00,CisBP
M05425_2.00,CisBP
M05426_2.00,CisBP
M05427_2.00,CisBP
M05438_2.00,CisBP
M05439_2.00,CisBP
M05440_2.00,CisBP
M05441_2.00,CisBP
M05442_2.00,CisBP
M05443_2.00,CisBP
M05874_2.00,CisBP
M09585_2.00,CisBP
M09586_2.00,CisBP
M09587_2.00,CisBP
M09588_2.00,CisBP
M10816_2.00,CisBP
M01255_2.00,CisBP
M01256_2.00,CisBP
M03325_2.00,CisBP
M03329_2.00,CisBP
M03330_2.00,CisBP
M05509_2.00,CisBP
M05510_2.00,CisBP
M05523_2.00,CisBP
M05524_2.00,CisBP
M05525_2.00,CisBP
M05526_2.00,CisBP
M07977_2.00,CisBP
M09230_2.00,CisBP
M09231_2.00,CisBP
M09232_2.00,CisBP
M09592_2.00,CisBP
M09593_2.00,CisBP
M10863_2.00,CisBP
M02745_2.00,CisBP
M03340_2.00,CisBP
M03343_2.00,CisBP
M03344_2.00,CisBP
M05551_2.00,CisBP
M05552_2.00,CisBP
M05555_2.00,CisBP
M05556_2.00,CisBP
M05557_2.00,CisBP
M05558_2.00,CisBP
M05559_2.00,CisBP
M05560_2.00,CisBP
M07979_2.00,CisBP
M07980_2.00,CisBP
M08149_2.00,CisBP
M08212_2.00,CisBP
M08213_2.00,CisBP
M08214_2.00,CisBP
M09247_2.00,CisBP
M09248_2.00,CisBP
M09250_2.00,CisBP
M09251_2.00,CisBP
M09252_2.00,CisBP
M09253_2.00,CisBP
M09255_2.00,CisBP
M09597_2.00,CisBP
M09599_2.00,CisBP
M10935_2.00,CisBP
M10936_2.00,CisBP
M10937_2.00,CisBP
M10938_2.00,CisBP
M10943_2.00,CisBP
M00178_2.00,CisBP
M00684_2.00,CisBP
M03341_2.00,CisBP
M03342_2.00,CisBP
M03915_2.00,CisBP
M03916_2.00,CisBP
M05553_2.00,CisBP
M05554_2.00,CisBP
M07981_2.00,CisBP
M07982_2.00,CisBP
M07983_2.00,CisBP
M07984_2.00,CisBP
M09249_2.00,CisBP
M09254_2.00,CisBP
M09598_2.00,CisBP
M10947_2.00,CisBP
M10951_2.00,CisBP
M10956_2.00,CisBP
M11049_2.00,CisBP
M00179_2.00,CisBP
M08150_2.00,CisBP
M09260_2.00,CisBP
M09261_2.00,CisBP
M09601_2.00,CisBP
M11050_2.00,CisBP
M11054_2.00,CisBP
M00181_2.00,CisBP
M00183_2.00,CisBP
M00184_2.00,CisBP
M00185_2.00,CisBP
M00367_2.00,CisBP
M00368_2.00,CisBP
M00810_2.00,CisBP
M00811_2.00,CisBP
M00812_2.00,CisBP
M00813_2.00,CisBP
M00816_2.00,CisBP
M00817_2.00,CisBP
M00818_2.00,CisBP
M00819_2.00,CisBP
M00820_2.00,CisBP
M00822_2.00,CisBP
M01297_2.00,CisBP
M01298_2.00,CisBP
M02393_2.00,CisBP
M02396_2.00,CisBP
M02397_2.00,CisBP
M02399_2.00,CisBP
M02400_2.00,CisBP
M02401_2.00,CisBP
M02402_2.00,CisBP
M02406_2.00,CisBP
M02407_2.00,CisBP
M02416_2.00,CisBP
M02424_2.00,CisBP
M02705_2.00,CisBP
M02706_2.00,CisBP
M02707_2.00,CisBP
M02709_2.00,CisBP
M02746_2.00,CisBP
M03353_2.00,CisBP
M03354_2.00,CisBP
M03355_2.00,CisBP
M03356_2.00,CisBP
M03367_2.00,CisBP
M03368_2.00,CisBP
M03369_2.00,CisBP
M03370_2.00,CisBP
M03371_2.00,CisBP
M03372_2.00,CisBP
M03373_2.00,CisBP
M03374_2.00,CisBP
M03375_2.00,CisBP
M03376_2.00,CisBP
M03377_2.00,CisBP
M03378_2.00,CisBP
M03379_2.00,CisBP
M03380_2.00,CisBP
M03381_2.00,CisBP
M03383_2.00,CisBP
M03384_2.00,CisBP
M03385_2.00,CisBP
M03386_2.00,CisBP
M03387_2.00,CisBP
M03388_2.00,CisBP
M03391_2.00,CisBP
M03392_2.00,CisBP
M03393_2.00,CisBP
M03394_2.00,CisBP
M03395_2.00,CisBP
M03396_2.00,CisBP
M03397_2.00,CisBP
M03398_2.00,CisBP
M03399_2.00,CisBP
M03400_2.00,CisBP
M03401_2.00,CisBP
M03402_2.00,CisBP
M03403_2.00,CisBP
M03404_2.00,CisBP
M03405_2.00,CisBP
M03406_2.00,CisBP
M03407_2.00,CisBP
M03408_2.00,CisBP
M03409_2.00,CisBP
M03410_2.00,CisBP
M03411_2.00,CisBP
M03412_2.00,CisBP
M03413_2.00,CisBP
M03414_2.00,CisBP
M03415_2.00,CisBP
M03416_2.00,CisBP
M03417_2.00,CisBP
M03418_2.00,CisBP
M03419_2.00,CisBP
M03420_2.00,CisBP
M03421_2.00,CisBP
M03422_2.00,CisBP
M03423_2.00,CisBP
M03424_2.00,CisBP
M03425_2.00,CisBP
M03430_2.00,CisBP
M03431_2.00,CisBP
M03432_2.00,CisBP
M03433_2.00,CisBP
M03434_2.00,CisBP
M03435_2.00,CisBP
M03926_2.00,CisBP
M03928_2.00,CisBP
M03929_2.00,CisBP
M03934_2.00,CisBP
M03939_2.00,CisBP
M03941_2.00,CisBP
M05563_2.00,CisBP
M05564_2.00,CisBP
M05565_2.00,CisBP
M05566_2.00,CisBP
M05567_2.00,CisBP
M05568_2.00,CisBP
M05569_2.00,CisBP
M05570_2.00,CisBP
M05571_2.00,CisBP
M05572_2.00,CisBP
M05581_2.00,CisBP
M05582_2.00,CisBP
M05583_2.00,CisBP
M05584_2.00,CisBP
M05589_2.00,CisBP
M05590_2.00,CisBP
M05591_2.00,CisBP
M05592_2.00,CisBP
M05593_2.00,CisBP
M05594_2.00,CisBP
M05595_2.00,CisBP
M05596_2.00,CisBP
M05597_2.00,CisBP
M05598_2.00,CisBP
M05599_2.00,CisBP
M05600_2.00,CisBP
M05601_2.00,CisBP
M05602_2.00,CisBP
M05603_2.00,CisBP
M05604_2.00,CisBP
M05607_2.00,CisBP
M05608_2.00,CisBP
M05609_2.00,CisBP
M05610_2.00,CisBP
M05611_2.00,CisBP
M05612_2.00,CisBP
M05613_2.00,CisBP
M05614_2.00,CisBP
M05615_2.00,CisBP
M05616_2.00,CisBP
M05617_2.00,CisBP
M05618_2.00,CisBP
M05621_2.00,CisBP
M05622_2.00,CisBP
M05623_2.00,CisBP
M05624_2.00,CisBP
M05627_2.00,CisBP
M05628_2.00,CisBP
M05629_2.00,CisBP
M05630_2.00,CisBP
M05631_2.00,CisBP
M05632_2.00,CisBP
M05633_2.00,CisBP
M05634_2.00,CisBP
M05635_2.00,CisBP
M05636_2.00,CisBP
M05639_2.00,CisBP
M05640_2.00,CisBP
M05641_2.00,CisBP
M05642_2.00,CisBP
M05643_2.00,CisBP
M05644_2.00,CisBP
M05645_2.00,CisBP
M05646_2.00,CisBP
M05647_2.00,CisBP
M05648_2.00,CisBP
M05649_2.00,CisBP
M05650_2.00,CisBP
M05651_2.00,CisBP
M05652_2.00,CisBP
M05653_2.00,CisBP
M05654_2.00,CisBP
M05655_2.00,CisBP
M05656_2.00,CisBP
M05657_2.00,CisBP
M05658_2.00,CisBP
M05661_2.00,CisBP
M05662_2.00,CisBP
M05663_2.00,CisBP
M05664_2.00,CisBP
M05665_2.00,CisBP
M05666_2.00,CisBP
M05667_2.00,CisBP
M05668_2.00,CisBP
M05669_2.00,CisBP
M05670_2.00,CisBP
M05671_2.00,CisBP
M05672_2.00,CisBP
M05673_2.00,CisBP
M05674_2.00,CisBP
M05675_2.00,CisBP
M05676_2.00,CisBP
M05677_2.00,CisBP
M05678_2.00,CisBP
M05679_2.00,CisBP
M05680_2.00,CisBP
M05681_2.00,CisBP
M05682_2.00,CisBP
M05683_2.00,CisBP
M05684_2.00,CisBP
M05876_2.00,CisBP
M05878_2.00,CisBP
M05879_2.00,CisBP
M05880_2.00,CisBP
M05881_2.00,CisBP
M05882_2.00,CisBP
M05883_2.00,CisBP
M05884_2.00,CisBP
M05885_2.00,CisBP
M06412_2.00,CisBP
M06413_2.00,CisBP
M06416_2.00,CisBP
M06417_2.00,CisBP
M06418_2.00,CisBP
M06423_2.00,CisBP
M06426_2.00,CisBP
M06427_2.00,CisBP
M06430_2.00,CisBP
M06433_2.00,CisBP
M06435_2.00,CisBP
M07985_2.00,CisBP
M07988_2.00,CisBP
M07989_2.00,CisBP
M07990_2.00,CisBP
M07991_2.00,CisBP
M07992_2.00,CisBP
M07993_2.00,CisBP
M07994_2.00,CisBP
M08034_2.00,CisBP
M08152_2.00,CisBP
M08153_2.00,CisBP
M08154_2.00,CisBP
M08156_2.00,CisBP
M08157_2.00,CisBP
M08158_2.00,CisBP
M08217_2.00,CisBP
M08218_2.00,CisBP
M08221_2.00,CisBP
M08222_2.00,CisBP
M08223_2.00,CisBP
M08224_2.00,CisBP
M08226_2.00,CisBP
M08461_2.00,CisBP
M09263_2.00,CisBP
M09265_2.00,CisBP
M09267_2.00,CisBP
M09271_2.00,CisBP
M09272_2.00,CisBP
M09273_2.00,CisBP
M09274_2.00,CisBP
M09275_2.00,CisBP
M09277_2.00,CisBP
M09278_2.00,CisBP
M09279_2.00,CisBP
M09280_2.00,CisBP
M09282_2.00,CisBP
M09284_2.00,CisBP
M09285_2.00,CisBP
M09286_2.00,CisBP
M09289_2.00,CisBP
M09290_2.00,CisBP
M09291_2.00,CisBP
M09292_2.00,CisBP
M09293_2.00,CisBP
M09294_2.00,CisBP
M09295_2.00,CisBP
M09296_2.00,CisBP
M09297_2.00,CisBP
M09299_2.00,CisBP
M09300_2.00,CisBP
M09303_2.00,CisBP
M09304_2.00,CisBP
M09305_2.00,CisBP
M09306_2.00,CisBP
M09309_2.00,CisBP
M09311_2.00,CisBP
M09312_2.00,CisBP
M09314_2.00,CisBP
M09317_2.00,CisBP
M09319_2.00,CisBP
M09320_2.00,CisBP
M09321_2.00,CisBP
M09322_2.00,CisBP
M09323_2.00,CisBP
M09324_2.00,CisBP
M09325_2.00,CisBP
M09327_2.00,CisBP
M09329_2.00,CisBP
M09330_2.00,CisBP
M09332_2.00,CisBP
M09333_2.00,CisBP
M09334_2.00,CisBP
M09604_2.00,CisBP
M09608_2.00,CisBP
M09611_2.00,CisBP
M09612_2.00,CisBP
M09613_2.00,CisBP
M09615_2.00,CisBP
M09616_2.00,CisBP
M09617_2.00,CisBP
M09618_2.00,CisBP
M09619_2.00,CisBP
M09689_2.00,CisBP
M11090_2.00,CisBP
M11091_2.00,CisBP
M11102_2.00,CisBP
M11138_2.00,CisBP
M11139_2.00,CisBP
M11140_2.00,CisBP
M11148_2.00,CisBP
M11180_2.00,CisBP
M11183_2.00,CisBP
M11191_2.00,CisBP
M11192_2.00,CisBP
M00182_2.00,CisBP
M00814_2.00,CisBP
M02394_2.00,CisBP
M02408_2.00,CisBP
M03357_2.00,CisBP
M03358_2.00,CisBP
M03359_2.00,CisBP
M03360_2.00,CisBP
M03361_2.00,CisBP
M03362_2.00,CisBP
M03364_2.00,CisBP
M03365_2.00,CisBP
M03426_2.00,CisBP
M03427_2.00,CisBP
M03428_2.00,CisBP
M03932_2.00,CisBP
M03933_2.00,CisBP
M03935_2.00,CisBP
M03936_2.00,CisBP
M03937_2.00,CisBP
M03938_2.00,CisBP
M05573_2.00,CisBP
M05574_2.00,CisBP
M05575_2.00,CisBP
M05576_2.00,CisBP
M05577_2.00,CisBP
M05578_2.00,CisBP
M05579_2.00,CisBP
M05580_2.00,CisBP
M05585_2.00,CisBP
M05586_2.00,CisBP
M06424_2.00,CisBP
M06425_2.00,CisBP
M06428_2.00,CisBP
M06429_2.00,CisBP
M06431_2.00,CisBP
M06434_2.00,CisBP
M06558_2.00,CisBP
M08219_2.00,CisBP
M08220_2.00,CisBP
M09268_2.00,CisBP
M09308_2.00,CisBP
M09605_2.00,CisBP
M09688_2.00,CisBP
M11105_2.00,CisBP
M11106_2.00,CisBP
M08155_2.00,CisBP
M09287_2.00,CisBP
M09307_2.00,CisBP
M03924_2.00,CisBP
M03942_2.00,CisBP
M03943_2.00,CisBP
M05619_2.00,CisBP
M05620_2.00,CisBP
M09281_2.00,CisBP
M09302_2.00,CisBP
M03363_2.00,CisBP
M03429_2.00,CisBP
M05877_2.00,CisBP
M06414_2.00,CisBP
M09264_2.00,CisBP
M09269_2.00,CisBP
M09301_2.00,CisBP
M09315_2.00,CisBP
M09606_2.00,CisBP
M05605_2.00,CisBP
M05606_2.00,CisBP
M05659_2.00,CisBP
M05660_2.00,CisBP
M09276_2.00,CisBP
M09310_2.00,CisBP
M09313_2.00,CisBP
M09620_2.00,CisBP
M02413_2.00,CisBP
M00345_2.00,CisBP
M00346_2.00,CisBP
M00706_2.00,CisBP
M01302_2.00,CisBP
M02425_2.00,CisBP
M02426_2.00,CisBP
M02428_2.00,CisBP
M03442_2.00,CisBP
M03443_2.00,CisBP
M03444_2.00,CisBP
M03944_2.00,CisBP
M03945_2.00,CisBP
M03946_2.00,CisBP
M03947_2.00,CisBP
M03948_2.00,CisBP
M03949_2.00,CisBP
M05685_2.00,CisBP
M05686_2.00,CisBP
M05687_2.00,CisBP
M05688_2.00,CisBP
M05689_2.00,CisBP
M05690_2.00,CisBP
M06436_2.00,CisBP
M06437_2.00,CisBP
M06438_2.00,CisBP
M07995_2.00,CisBP
M07996_2.00,CisBP
M07997_2.00,CisBP
M07998_2.00,CisBP
M08160_2.00,CisBP
M08227_2.00,CisBP
M08228_2.00,CisBP
M09341_2.00,CisBP
M09342_2.00,CisBP
M09622_2.00,CisBP
M09623_2.00,CisBP
M09624_2.00,CisBP
M11208_2.00,CisBP
M11209_2.00,CisBP
M00186_2.00,CisBP
M00188_2.00,CisBP
M00709_2.00,CisBP
M02449_2.00,CisBP
M02456_2.00,CisBP
M02750_2.00,CisBP
M03452_2.00,CisBP
M03453_2.00,CisBP
M03454_2.00,CisBP
M03455_2.00,CisBP
M03456_2.00,CisBP
M03457_2.00,CisBP
M03461_2.00,CisBP
M03462_2.00,CisBP
M03463_2.00,CisBP
M03959_2.00,CisBP
M03960_2.00,CisBP
M03961_2.00,CisBP
M03962_2.00,CisBP
M03963_2.00,CisBP
M05715_2.00,CisBP
M05716_2.00,CisBP
M05717_2.00,CisBP
M05718_2.00,CisBP
M05719_2.00,CisBP
M05720_2.00,CisBP
M05721_2.00,CisBP
M05722_2.00,CisBP
M05723_2.00,CisBP
M05724_2.00,CisBP
M05888_2.00,CisBP
M08162_2.00,CisBP
M09361_2.00,CisBP
M09362_2.00,CisBP
M09363_2.00,CisBP
M09365_2.00,CisBP
M09366_2.00,CisBP
M09367_2.00,CisBP
M09368_2.00,CisBP
M09627_2.00,CisBP
M09628_2.00,CisBP
M11246_2.00,CisBP
M11247_2.00,CisBP
M00187_2.00,CisBP
M00823_2.00,CisBP
M03458_2.00,CisBP
M03459_2.00,CisBP
M03460_2.00,CisBP
M05725_2.00,CisBP
M05726_2.00,CisBP
M05727_2.00,CisBP
M05728_2.00,CisBP
M05729_2.00,CisBP
M05730_2.00,CisBP
M08009_2.00,CisBP
M08010_2.00,CisBP
M08011_2.00,CisBP
M08012_2.00,CisBP
M09364_2.00,CisBP
M09629_2.00,CisBP
M01307_2.00,CisBP
M02751_2.00,CisBP
M03464_2.00,CisBP
M03465_2.00,CisBP
M03466_2.00,CisBP
M03467_2.00,CisBP
M03468_2.00,CisBP
M03469_2.00,CisBP
M03470_2.00,CisBP
M03964_2.00,CisBP
M03965_2.00,CisBP
M03966_2.00,CisBP
M03967_2.00,CisBP
M05731_2.00,CisBP
M05732_2.00,CisBP
M05733_2.00,CisBP
M05734_2.00,CisBP
M08163_2.00,CisBP
M09369_2.00,CisBP
M09370_2.00,CisBP
M09371_2.00,CisBP
M09372_2.00,CisBP
M09373_2.00,CisBP
M09374_2.00,CisBP
M09630_2.00,CisBP
M09631_2.00,CisBP
M09632_2.00,CisBP
M09633_2.00,CisBP
M11258_2.00,CisBP
M00192_2.00,CisBP
M03482_2.00,CisBP
M06446_2.00,CisBP
M08427_2.00,CisBP
M09380_2.00,CisBP
M09384_2.00,CisBP
M09637_2.00,CisBP
M09692_2.00,CisBP
M05889_2.00,CisBP
M06447_2.00,CisBP
M09377_2.00,CisBP
M09382_2.00,CisBP
M09634_2.00,CisBP
M09693_2.00,CisBP
M02487_2.00,CisBP
M00197_2.00,CisBP
M00199_2.00,CisBP
M00201_2.00,CisBP
M00202_2.00,CisBP
M00203_2.00,CisBP
M00204_2.00,CisBP
M00205_2.00,CisBP
M00206_2.00,CisBP
M00208_2.00,CisBP
M00209_2.00,CisBP
M00210_2.00,CisBP
M00211_2.00,CisBP
M00212_2.00,CisBP
M00213_2.00,CisBP
M00214_2.00,CisBP
M00710_2.00,CisBP
M00826_2.00,CisBP
M00827_2.00,CisBP
M00828_2.00,CisBP
M00829_2.00,CisBP
M01026_2.00,CisBP
M02488_2.00,CisBP
M02716_2.00,CisBP
M02717_2.00,CisBP
M02718_2.00,CisBP
M02719_2.00,CisBP
M03483_2.00,CisBP
M03484_2.00,CisBP
M03485_2.00,CisBP
M03486_2.00,CisBP
M03487_2.00,CisBP
M03488_2.00,CisBP
M03489_2.00,CisBP
M03490_2.00,CisBP
M03491_2.00,CisBP
M03492_2.00,CisBP
M03493_2.00,CisBP
M03494_2.00,CisBP
M03495_2.00,CisBP
M03496_2.00,CisBP
M03497_2.00,CisBP
M03498_2.00,CisBP
M03499_2.00,CisBP
M03500_2.00,CisBP
M03501_2.00,CisBP
M03502_2.00,CisBP
M03503_2.00,CisBP
M03504_2.00,CisBP
M03505_2.00,CisBP
M03506_2.00,CisBP
M03507_2.00,CisBP
M03508_2.00,CisBP
M03509_2.00,CisBP
M03510_2.00,CisBP
M03513_2.00,CisBP
M03514_2.00,CisBP
M03515_2.00,CisBP
M03516_2.00,CisBP
M03517_2.00,CisBP
M03518_2.00,CisBP
M03519_2.00,CisBP
M03520_2.00,CisBP
M03521_2.00,CisBP
M03522_2.00,CisBP
M03523_2.00,CisBP
M03524_2.00,CisBP
M03525_2.00,CisBP
M03526_2.00,CisBP
M03527_2.00,CisBP
M03528_2.00,CisBP
M03529_2.00,CisBP
M03530_2.00,CisBP
M03531_2.00,CisBP
M03533_2.00,CisBP
M03534_2.00,CisBP
M03535_2.00,CisBP
M03536_2.00,CisBP
M03537_2.00,CisBP
M03538_2.00,CisBP
M03539_2.00,CisBP
M03540_2.00,CisBP
M03541_2.00,CisBP
M03542_2.00,CisBP
M03543_2.00,CisBP
M03544_2.00,CisBP
M03545_2.00,CisBP
M03969_2.00,CisBP
M03970_2.00,CisBP
M03971_2.00,CisBP
M03972_2.00,CisBP
M03973_2.00,CisBP
M03974_2.00,CisBP
M03976_2.00,CisBP
M03977_2.00,CisBP
M03978_2.00,CisBP
M03979_2.00,CisBP
M03981_2.00,CisBP
M03982_2.00,CisBP
M03983_2.00,CisBP
M05749_2.00,CisBP
M05750_2.00,CisBP
M05751_2.00,CisBP
M05752_2.00,CisBP
M05753_2.00,CisBP
M05754_2.00,CisBP
M05759_2.00,CisBP
M05760_2.00,CisBP
M05761_2.00,CisBP
M05762_2.00,CisBP
M05765_2.00,CisBP
M05766_2.00,CisBP
M05767_2.00,CisBP
M05768_2.00,CisBP
M05769_2.00,CisBP
M05770_2.00,CisBP
M05783_2.00,CisBP
M05784_2.00,CisBP
M05785_2.00,CisBP
M05786_2.00,CisBP
M05787_2.00,CisBP
M05788_2.00,CisBP
M05789_2.00,CisBP
M05790_2.00,CisBP
M05791_2.00,CisBP
M05792_2.00,CisBP
M05891_2.00,CisBP
M05892_2.00,CisBP
M05893_2.00,CisBP
M05894_2.00,CisBP
M05896_2.00,CisBP
M05897_2.00,CisBP
M05898_2.00,CisBP
M06448_2.00,CisBP
M06449_2.00,CisBP
M06450_2.00,CisBP
M06559_2.00,CisBP
M08040_2.00,CisBP
M08041_2.00,CisBP
M08042_2.00,CisBP
M08165_2.00,CisBP
M08166_2.00,CisBP
M08168_2.00,CisBP
M08169_2.00,CisBP
M08170_2.00,CisBP
M09387_2.00,CisBP
M09388_2.00,CisBP
M09389_2.00,CisBP
M09390_2.00,CisBP
M09391_2.00,CisBP
M09396_2.00,CisBP
M09397_2.00,CisBP
M09398_2.00,CisBP
M09399_2.00,CisBP
M09403_2.00,CisBP
M09404_2.00,CisBP
M09405_2.00,CisBP
M09408_2.00,CisBP
M09409_2.00,CisBP
M09410_2.00,CisBP
M09639_2.00,CisBP
M09640_2.00,CisBP
M09641_2.00,CisBP
M09694_2.00,CisBP
M11305_2.00,CisBP
M11309_2.00,CisBP
M11331_2.00,CisBP
M11332_2.00,CisBP
M00711_2.00,CisBP
M00194_2.00,CisBP
M00195_2.00,CisBP
M06452_2.00,CisBP
M00193_2.00,CisBP
M00198_2.00,CisBP
M00200_2.00,CisBP
M00207_2.00,CisBP
M00712_2.00,CisBP
M02646_2.00,CisBP
M03511_2.00,CisBP
M03512_2.00,CisBP
M03532_2.00,CisBP
M05755_2.00,CisBP
M05756_2.00,CisBP
M05757_2.00,CisBP
M05758_2.00,CisBP
M05771_2.00,CisBP
M05772_2.00,CisBP
M05773_2.00,CisBP
M05774_2.00,CisBP
M05775_2.00,CisBP
M05776_2.00,CisBP
M05777_2.00,CisBP
M05778_2.00,CisBP
M05779_2.00,CisBP
M05780_2.00,CisBP
M05781_2.00,CisBP
M05782_2.00,CisBP
M05890_2.00,CisBP
M05895_2.00,CisBP
M06451_2.00,CisBP
M08167_2.00,CisBP
M08428_2.00,CisBP
M09386_2.00,CisBP
M09392_2.00,CisBP
M09393_2.00,CisBP
M09394_2.00,CisBP
M09395_2.00,CisBP
M09400_2.00,CisBP
M09401_2.00,CisBP
M09402_2.00,CisBP
M09406_2.00,CisBP
M09407_2.00,CisBP
M09638_2.00,CisBP
M11337_2.00,CisBP
M00830_2.00,CisBP
M00831_2.00,CisBP
M00833_2.00,CisBP
M00834_2.00,CisBP
M03552_2.00,CisBP
M03553_2.00,CisBP
M03556_2.00,CisBP
M03557_2.00,CisBP
M03558_2.00,CisBP
M03559_2.00,CisBP
M05799_2.00,CisBP
M05800_2.00,CisBP
M05801_2.00,CisBP
M05802_2.00,CisBP
M08044_2.00,CisBP
M09426_2.00,CisBP
M09429_2.00,CisBP
M09649_2.00,CisBP
M00835_2.00,CisBP
M03565_2.00,CisBP
M03566_2.00,CisBP
M03567_2.00,CisBP
M03568_2.00,CisBP
M03569_2.00,CisBP
M03994_2.00,CisBP
M05813_2.00,CisBP
M05814_2.00,CisBP
M05815_2.00,CisBP
M05816_2.00,CisBP
M05817_2.00,CisBP
M05818_2.00,CisBP
M05819_2.00,CisBP
M05820_2.00,CisBP
M09430_2.00,CisBP
M09650_2.00,CisBP
M00832_2.00,CisBP
M03570_2.00,CisBP
M03571_2.00,CisBP
M03572_2.00,CisBP
M03573_2.00,CisBP
M03574_2.00,CisBP
M05821_2.00,CisBP
M05822_2.00,CisBP
M03554_2.00,CisBP
M03555_2.00,CisBP
M05795_2.00,CisBP
M05796_2.00,CisBP
M05797_2.00,CisBP
M05798_2.00,CisBP
M00216_2.00,CisBP
M08231_2.00,CisBP
M09432_2.00,CisBP
M09433_2.00,CisBP
M11388_2.00,CisBP
M11389_2.00,CisBP
M11390_2.00,CisBP
M11491_2.00,CisBP
M01320_2.00,CisBP
M02526_2.00,CisBP
M03575_2.00,CisBP
M03576_2.00,CisBP
M03577_2.00,CisBP
M03578_2.00,CisBP
M03579_2.00,CisBP
M03995_2.00,CisBP
M03996_2.00,CisBP
M05823_2.00,CisBP
M05824_2.00,CisBP
M05825_2.00,CisBP
M05826_2.00,CisBP
M06455_2.00,CisBP
M07545_2.00,CisBP
M08175_2.00,CisBP
M09434_2.00,CisBP
M09435_2.00,CisBP
M09437_2.00,CisBP
M09438_2.00,CisBP
M09653_2.00,CisBP
M00044_2.00,CisBP
M01992_2.00,CisBP
M07473_2.00,CisBP
M08554_2.00,CisBP
M00889_2.00,CisBP
M00890_2.00,CisBP
M02486_2.00,CisBP
M07266_2.00,CisBP
M07267_2.00,CisBP
M02836_2.00,CisBP
M02837_2.00,CisBP
M02838_2.00,CisBP
M02839_2.00,CisBP
M04285_2.00,CisBP
M04286_2.00,CisBP
M04287_2.00,CisBP
M04288_2.00,CisBP
M04289_2.00,CisBP
M04290_2.00,CisBP
M04291_2.00,CisBP
M04292_2.00,CisBP
M00764_2.00,CisBP
M02834_2.00,CisBP
M04027_2.00,CisBP
M04274_2.00,CisBP
M04275_2.00,CisBP
M04276_2.00,CisBP
M08796_2.00,CisBP
M03713_2.00,CisBP
M04441_2.00,CisBP
M04442_2.00,CisBP
M04443_2.00,CisBP
M04444_2.00,CisBP
M08303_2.00,CisBP
M08886_2.00,CisBP
M02323_2.00,CisBP
M00590_2.00,CisBP
M08341_2.00,CisBP
M08917_2.00,CisBP
M08365_2.00,CisBP
M02897_2.00,CisBP
M04503_2.00,CisBP
M04504_2.00,CisBP
M04505_2.00,CisBP
M04506_2.00,CisBP
M07602_2.00,CisBP
M08316_2.00,CisBP
M08901_2.00,CisBP
M00619_2.00,CisBP
M04017_2.00,CisBP
M04250_2.00,CisBP
M04251_2.00,CisBP
M04252_2.00,CisBP
M04253_2.00,CisBP
M08788_2.00,CisBP
M09941_2.00,CisBP
M09942_2.00,CisBP
M02801_2.00,CisBP
M04183_2.00,CisBP
M04184_2.00,CisBP
M04185_2.00,CisBP
M04186_2.00,CisBP
M04187_2.00,CisBP
M04188_2.00,CisBP
M04189_2.00,CisBP
M04190_2.00,CisBP
M08714_2.00,CisBP
M02281_2.00,CisBP
M08277_2.00,CisBP
M08855_2.00,CisBP
M05847_2.00,CisBP
M08874_2.00,CisBP
M03679_2.00,CisBP
M06113_2.00,CisBP
M07541_2.00,CisBP
M03912_2.00,CisBP
M06389_2.00,CisBP
M06390_2.00,CisBP
M10899_2.00,CisBP
M07771_2.00,CisBP
M02792_2.00,CisBP
M04146_2.00,CisBP
M04147_2.00,CisBP
M07807_2.00,CisBP
M07808_2.00,CisBP
M07809_2.00,CisBP
M07810_2.00,CisBP
M07811_2.00,CisBP
M08056_2.00,CisBP
M08733_2.00,CisBP
M09460_2.00,CisBP
M09867_2.00,CisBP
M09868_2.00,CisBP
M09869_2.00,CisBP
M08020_2.00,CisBP
M08176_2.00,CisBP
M09439_2.00,CisBP
M01272_2.00,CisBP
M03245_2.00,CisBP
M03246_2.00,CisBP
M09168_2.00,CisBP
M07683_2.00,CisBP
M05856_2.00,CisBP
M05809_2.00,CisBP
M05810_2.00,CisBP
M05811_2.00,CisBP
M05812_2.00,CisBP
M09427_2.00,CisBP
M11384_2.00,CisBP
M06398_2.00,CisBP
M03645_2.00,CisBP
M03646_2.00,CisBP
M00809_2.00,CisBP
M06394_2.00,CisBP
M05994_2.00,CisBP
M08281_2.00,CisBP
M08859_2.00,CisBP
M04483_2.00,CisBP
M04484_2.00,CisBP
M02802_2.00,CisBP
M04191_2.00,CisBP
M04192_2.00,CisBP
M04390_2.00,CisBP
M04391_2.00,CisBP
M04018_2.00,CisBP
M04019_2.00,CisBP
M04020_2.00,CisBP
M04021_2.00,CisBP
M04254_2.00,CisBP
M04255_2.00,CisBP
M04256_2.00,CisBP
M04257_2.00,CisBP
M08790_2.00,CisBP
M09947_2.00,CisBP
M08939_2.00,CisBP
M10301_2.00,CisBP
M10302_2.00,CisBP
M10303_2.00,CisBP
M10306_2.00,CisBP
M03580_2.00,CisBP
M08177_2.00,CisBP
M09443_2.00,CisBP
M09655_2.00,CisBP
M02779_2.00,CisBP
M04080_2.00,CisBP
M04081_2.00,CisBP
M04082_2.00,CisBP
M04083_2.00,CisBP
M00763_2.00,CisBP
M02960_2.00,CisBP
M04705_2.00,CisBP
M04706_2.00,CisBP
M09033_2.00,CisBP
M09522_2.00,CisBP
M01210_2.00,CisBP
M03644_2.00,CisBP
M06023_2.00,CisBP
M02658_2.00,CisBP
M02848_2.00,CisBP
M04034_2.00,CisBP
M09982_2.00,CisBP
M00592_2.00,CisBP
M06445_2.00,CisBP
M07544_2.00,CisBP
M08205_2.00,CisBP
M09256_2.00,CisBP
M04062_2.00,CisBP
M04063_2.00,CisBP
M04064_2.00,CisBP
M04065_2.00,CisBP
M08048_2.00,CisBP
M08711_2.00,CisBP
M09797_2.00,CisBP
M09798_2.00,CisBP
AT5G02460,Homer_denovo
SPDEF,Homer_known
MYB94,Homer_denovo
Lm_0223,Homer_denovo
sna,Homer_denovo
ABF2,Homer_known
PB0095.1_Zfp161_1,Homer_denovo
HSF6,Homer_known
LARK,Homer_denovo
ECM23,Homer_denovo
SRSF10,Homer_denovo
DOF5.6,Homer_denovo
RALY,Homer_denovo
Hmx1,Homer_denovo
gt,Homer_denovo
Caup,Homer_denovo
Unknown2,Homer_denovo
Dlx3,Homer_known
MyoG,Homer_known
Barx1,Homer_known
Isl1,Homer_known
YY1,Homer_known
PH0044.1_Homez,Homer_denovo
XBP1,Homer_denovo
FOSB::JUNB,Homer_denovo
PB0180.1_Sp4_2,Homer_denovo
tin,Homer_denovo
vnd,Homer_denovo
UNC-75,Homer_denovo
PH0117.1_Nkx3-1,Homer_denovo
SM,Homer_denovo
POL009.1_DCE_S_II,Homer_denovo
G3BP2,Homer_denovo
ERF8,Homer_known
SWI5,Homer_denovo
An_0287,Homer_denovo
DAL82,Homer_denovo
HNRNPH2,Homer_denovo
Twist2,Homer_known
Eip74EF,Homer_denovo
br-Z1,Homer_denovo
Cf2,Homer_denovo
Ap4,Homer_known
NRF1,Homer_known
ZNF416,Homer_known
ZNF143|STAF,Homer_known
USF1,Homer_known
NFYC,Homer_denovo
Ng_0261,Homer_denovo
HuR,Homer_known
DEL2,Homer_known
Etv2,Homer_known
DREB2,Homer_known
BAM8,Homer_known
ETS1,Homer_known
Fli1,Homer_known
ERF11,Homer_known
NFIL3,Homer_known
ARF16,Homer_known
Cbf1,Homer_known
TAGL1,Homer_known
BZR1,Homer_known
Pho4,Homer_known
E2F4,Homer_known
ZNF711,Homer_known
SVP,Homer_known
DEAR2,Homer_known
FEA4,Homer_known
ETV1,Homer_known
bHLHE40,Homer_known
E2F3,Homer_known
SOC1,Homer_known
GBF3,Homer_known
ZFX,Homer_known
AT5G47660,Homer_known
ZNF467,Homer_known
GTL1,Homer_known
Elf4,Homer_known
LEP,Homer_known
AT1G28160,Homer_known
AT4G18450,Homer_known
CRF10,Homer_known
Unknown6,Homer_known
Atf7,Homer_known
Mef2b,Homer_known
AGL63,Homer_known
E2F1,Homer_known
MafA,Homer_known
At5g65130,Homer_known
GAGA-repeat,Homer_known
TGA6,Homer_known
ERF104,Homer_known
REM19,Homer_known
Bcl6,Homer_known
RIN,Homer_known
SHN3,Homer_known
Atf4,Homer_known
LBD18,Homer_known
AT5G60130,Homer_known
GT2,Homer_known
E2F,Homer_known
E-box,Homer_known
TGA1,Homer_known
At2g41835,Homer_known
GABPA,Homer_known
Atf1,Homer_known
Bach1,Homer_known
BPC6,Homer_known
Maz,Homer_known
Unknown4,Homer_known
RUNX,Homer_known
Rfx6,Homer_known
PIF5ox,Homer_known
ASL18,Homer_known
RLR1?,Homer_known
ETS:RUNX,Homer_known
At3g12730,Homer_known
TCX2,Homer_known
CArG,Homer_known
CEBP,Homer_known
Bach2,Homer_known
Chop,Homer_known
c-Myc,Homer_known
Mef2c,Homer_known
IDD5,Homer_known
At4g38000,Homer_known
NFY,Homer_known
HOXB13,Homer_known
Fra2,Homer_known
FRS9,Homer_known
E2F6,Homer_known
AT1G49560,Homer_known
Olig2,Homer_known
ERF105,Homer_known
AT1G76880,Homer_known
Fosl2,Homer_known
AT5G22990,Homer_known
PRDM1,Homer_known
TGA10,Homer_known
AGL25,Homer_known
PIF4,Homer_known
ERF7,Homer_known
bHLH74,Homer_known
TFE3,Homer_known
n-Myc,Homer_known
ABR1,Homer_known
ERF4,Homer_known
ERF3,Homer_known
BIM3,Homer_known
ERF2,Homer_known
ERF13,Homer_known
ABF1,Homer_known
At4g36780,Homer_known
bHLH34,Homer_known
Max,Homer_known
BMAL1,Homer_known
NPAS2,Homer_known
BIM1,Homer_known
SPCH,Homer_known
AT5G23930,Homer_known
CLOCK,Homer_known
RAP26,Homer_known
ERF1,Homer_known
AT1G71450,Homer_known
GT3a,Homer_known
NPAS,Homer_known
ERF5,Homer_known
HY5,Homer_known
At1g78700,Homer_known
ESE1,Homer_known
MITF,Homer_known
ERF9,Homer_known
HINFP,Homer_known
MNT,Homer_known
RUNX-AML,Homer_known
bHLHE41,Homer_known
CRF4,Homer_known
At2g33710,Homer_known
RAP211,Homer_known
CRE,Homer_known
Pho2,Homer_known
JunD,Homer_known
ERF15,Homer_known
TGA5,Homer_known
bZIP3,Homer_known
NRF,Homer_known
ERF10,Homer_known
AREB3,Homer_known
ERF73,Homer_known
IBL1,Homer_known
bZIP53,Homer_known
RAP212,Homer_known
TGA3,Homer_known
DREB19,Homer_known
bZIP28,Homer_known
RRTF1,Homer_known
GBF5,Homer_known
bZIP68,Homer_known
ERF115,Homer_known
PIF7,Homer_known
ABI5,Homer_known
Usf2,Homer_known
bZIP48,Homer_known
E2FA,Homer_known
GBF6,Homer_known
CREB5,Homer_known
EWS:FLI1-fusion,Homer_known
Zelda,Homer_known
c-Jun-CRE,Homer_known
Ets1-distal,Homer_known
SEP3,Homer_known
RUNX2,Homer_known
BIM2,Homer_known
At4g18890,Homer_known
Atf2,Homer_known
bZIP16,Homer_known
ERG,Homer_known
EWS:ERG-fusion,Homer_known
ETV4,Homer_known
TGA4,Homer_known
Trl,Homer_known
C15,Homer_denovo
bap,Homer_denovo
WUS1,Homer_known
PB0178.1_Sox8_2,Homer_denovo
PAX5,Homer_known
AtGRF6,Homer_known
SUP-12,Homer_denovo
PB0200.1_Zfp187_2,Homer_denovo
Antp,Homer_denovo
AT3G10030,Homer_known
SNRNP70,Homer_denovo
E2A,Homer_known
prd-PD,Homer_denovo
TCF21,Homer_denovo
OLIG2,Homer_denovo
bHLH130,Homer_known
Hth,Homer_denovo
ems,Homer_denovo
DPL-1,Homer_known
fkh,Homer_denovo
Zac1,Homer_known
DIG1,Homer_denovo
GZF3,Homer_denovo
ZBED1,Homer_denovo
TEAD2,Homer_known
KHDRBS1,Homer_denovo
ATHB-5,Homer_denovo
Tal1(0.805),Homer_denovo
hkb,Homer_denovo
SCRT1,Homer_known
Run,Homer_denovo
Nur77,Homer_known
PITX2,Homer_denovo
WRKY50,Homer_known
MYB57,Homer_denovo
PH0164.1_Six4,Homer_denovo
MSN4,Homer_denovo
Hnf6b,Homer_known
YHP1,Homer_denovo
Slug,Homer_known
Lhx1,Homer_known
GATA3,Homer_known
Gata1,Homer_known
Esrrb,Homer_known
FOXK2,Homer_known
At5g05790,Homer_known
WRKY55,Homer_known
AP-2gamma,Homer_known
Tgif2,Homer_known
FoxL2,Homer_known
TRPS1,Homer_known
Oct6,Homer_known
WRKY28,Homer_known
bHLH80,Homer_known
Tbet,Homer_known
Foxo3,Homer_known
Tbx6,Homer_known
MYB81,Homer_known
Nkx2.5,Homer_known
TR4,Homer_known
MYB3R4,Homer_known
HOXA2,Homer_known
NeuroD1,Homer_known
TCF4,Homer_known
ANAC046,Homer_known
MYB70,Homer_known
AP-2alpha,Homer_known
Hoxb4,Homer_known
DLX1,Homer_known
HIC1,Homer_known
AT1G01250,Homer_known
MYB3R1,Homer_known
Oct4,Homer_known
Pknox1,Homer_known
Unknown,Homer_known
bHLH122,Homer_known
AT5G25475,Homer_known
DLX2,Homer_known
Zic,Homer_known
HDG1,Homer_known
Nanog,Homer_known
TEAD3,Homer_known
TATA-Box,Homer_known
At5g08330,Homer_known
Atoh1,Homer_known
DUX,Homer_known
PPARE,Homer_known
Sox7,Homer_known
Pit1,Homer_known
ZNF7,Homer_known
Hnf1,Homer_known
Brn2,Homer_known
GLIS3,Homer_known
HAT2,Homer_known
MYB77,Homer_known
Foxo1,Homer_known
Hoxc9,Homer_known
Tgif1,Homer_known
MYB73,Homer_known
NeuroG2,Homer_known
At1g72010,Homer_known
Tbx21,Homer_known
JGL,Homer_known
AT1G20910,Homer_known
GATA14,Homer_known
PHA-4,Homer_known
Nkx2.1,Homer_known
BHLHA15,Homer_known
Zic2,Homer_known
Tbx20,Homer_known
WIP5,Homer_known
OCT:OCT-short,Homer_known
Prop1,Homer_known
Six1,Homer_known
Sox4,Homer_known
Pbx3,Homer_known
Nkx6.1,Homer_known
HLH-1,Homer_known
AZF1,Homer_known
MYB119,Homer_known
bZIP18,Homer_known
Nkx3.1,Homer_known
NF1-halfsite,Homer_known
ANAC079,Homer_known
TCP20,Homer_known
Tcf12,Homer_known
Otx2,Homer_known
ARF2,Homer_known
RXR,Homer_known
Foxf1,Homer_known
AT2G33550,Homer_known
Nr5a2,Homer_known
TRP2,Homer_known
Pitx1:Ebox,Homer_known
WRKY25,Homer_known
PAX3:FKHR-fusion,Homer_known
SRS7,Homer_known
PBX2,Homer_known
SGR5,Homer_known
ATHB18,Homer_known
WRKY22,Homer_known
STZ,Homer_known
Tcf4,Homer_known
Phox2b,Homer_known
Pax7,Homer_known
GATA1,Homer_known
HOXA9,Homer_known
ANAC096,Homer_known
MYB105,Homer_known
At5g04390,Homer_known
LRF,Homer_known
GEI-11,Homer_known
At4g31060,Homer_known
WRKY71,Homer_known
OCT:OCT,Homer_known
WRKY15,Homer_known
GATA,Homer_known
At5g08520,Homer_known
NTM1,Homer_known
LHX9,Homer_known
AT1G72740,Homer_known
Phox2a,Homer_known
FoxD3,Homer_known
TCP16,Homer_known
AMYB,Homer_known
GT1,Homer_known
RAR:RXR,Homer_known
ANAC038,Homer_known
Lhx3,Homer_known
Reverb,Homer_known
PAX6,Homer_known
WRKY40,Homer_known
ZNF652,Homer_known
ELT-3,Homer_known
PQM-1,Homer_known
GATA12,Homer_known
WRKY29,Homer_known
IDD2,Homer_known
FOXK1,Homer_known
At1g76110,Homer_known
THRa,Homer_known
Srebp1a,Homer_known
LEF1,Homer_known
Oct4:Sox17,Homer_known
Sox2,Homer_known
FOXM1,Homer_known
Nkx2.2,Homer_known
ANL2,Homer_known
Ascl1,Homer_known
Pdx1,Homer_known
DLX5,Homer_known
ATHB33,Homer_known
Tbx5,Homer_known
MYB56,Homer_known
FOXA1,Homer_known
THRb,Homer_known
Sox3,Homer_known
Ptf1a,Homer_known
Snail1,Homer_known
ATHB34,Homer_known
Meis1,Homer_known
HEB,Homer_known
ATHB24,Homer_known
ERRg,Homer_known
Ascl2,Homer_known
ATHB23,Homer_known
Sox6,Homer_known
Fox:Ebox,Homer_known
EAR2,Homer_known
Foxa2,Homer_known
Six2,Homer_known
SCL,Homer_known
HOXA1,Homer_known
PPARa,Homer_known
GSC,Homer_known
TEAD,Homer_known
Sox17,Homer_known
CUX1,Homer_known
MYB65,Homer_known
COUP-TFII,Homer_known
Tal1,Homer_known
Unknown-ESC-element,Homer_known
Foxa3,Homer_known
Zic3,Homer_known
En1,Homer_known
Gata4,Homer_known
bcd,Homer_known
Eomes,Homer_known
Erra,Homer_known
Lhx2,Homer_known
WRKY18,Homer_known
Sox9,Homer_known
Arnt:Ahr,Homer_known
ATHB25,Homer_known
Sox10,Homer_known
MYB,Homer_known
CRX,Homer_known
HNF1b,Homer_known
Unknown5,Homer_known
Sox21,Homer_known
NGA4,Homer_known
Oct11,Homer_known
Tbr1,Homer_known
GRF9,Homer_known
LIN-39,Homer_known
OCT4-SOX2-TCF-NANOG,Homer_known
At3g11280,Homer_known
TEAD4,Homer_known
dof42,Homer_known
FXR,Homer_known
Pit1+1bp,Homer_known
RARa,Homer_known
MYB101,Homer_known
Gata2,Homer_known
Bapx1,Homer_known
Sox15,Homer_known
Brn1,Homer_known
TEAD1,Homer_known
NLP7,Homer_known
Gata6,Homer_known
esg,Homer_denovo
zen,Homer_denovo
TYE7,Homer_denovo
PB0159.1_Rfx4_2,Homer_denovo
PB0025.1_Glis2_1,Homer_denovo
GATA15,Homer_known
INO2,Homer_denovo
ASD-1,Homer_denovo
POU4F1,Homer_denovo
BRU-3,Homer_denovo
NR1I3,Homer_denovo
LEU3,Homer_denovo
PB0196.1_Zbtb7b_2,Homer_denovo
NFYA,Homer_denovo
ACE2,Homer_denovo
SOX15,Homer_denovo
Unknown3,Homer_known
ZEB1,Homer_known
p63,Homer_known
ATHB53,Homer_known
ATHB40,Homer_known
GATA20,Homer_known
Pax8,Homer_known
ZEB2,Homer_known
ATY13,Homer_known
ATHB5,Homer_known
Rfx5,Homer_known
GRHL2,Homer_known
HAT5,Homer_known
ATHB20,Homer_known
Hoxd10,Homer_known
Hoxd11,Homer_known
Hoxd13,Homer_known
Tcfcp2l1,Homer_known
EGL-5,Homer_known
ATHB6,Homer_known
ATHB21,Homer_known
FOXP1,Homer_known
ATHB13,Homer_known
Rfx2,Homer_known
Myf5,Homer_known
RFX,Homer_known
LMI1,Homer_known
X-box,Homer_known
Hoxa13,Homer_known
Rfx1,Homer_known
POU3F2,Homer_denovo
PCF,Homer_known
SKO1,Homer_denovo
byn,Homer_denovo
ZBTB6,Homer_denovo
RBM3,Homer_denovo
POL010.1_DCE_S_III,Homer_denovo
PB0198.1_Zfp128_2,Homer_denovo
Kr,Homer_denovo
MEC-8,Homer_denovo
PDR8,Homer_denovo
MEIS2,Homer_denovo
TEC1,Homer_denovo
Ahr::Arnt,Homer_denovo
ERF,Homer_denovo
SF1,Homer_known
Pitx1,Homer_known
WRKY24,Homer_known
HIF-1a,Homer_known
WRKY75,Homer_known
WRKY27,Homer_known
WRKY6,Homer_known
HIF2a,Homer_known
Replumless,Homer_known
WRKY33,Homer_known
WRKY31,Homer_known
Elk1,Homer_known
Knotted,Homer_known
WRKY20,Homer_known
HNF4a,Homer_known
Hoxa9,Homer_known
EHF,Homer_known
LBD23,Homer_known
WRKY3,Homer_known
Mef2a,Homer_known
TATA-box,Homer_known
Oct2,Homer_known
AT1G76870,Homer_known
Elk4,Homer_known
WRKY43,Homer_known
WRKY26,Homer_known
FUS3,Homer_known
AGL13,Homer_known
WRKY14,Homer_known
ETS,Homer_known
ATAF1,Homer_known
ELF1,Homer_known
NAP,Homer_known
TGA9,Homer_known
PBX1,Homer_known
Smad4,Homer_known
Npas4,Homer_known
Smad2,Homer_known
bZIP50,Homer_known
HIF-1b,Homer_known
NAM,Homer_known
Six4,Homer_known
TGA2,Homer_known
Mef2d,Homer_known
Smad3,Homer_known
ANAC047,Homer_known
Zic1::Zic2,Homer_denovo
OTX1,Homer_denovo
STB4,Homer_denovo
SOX8,Homer_denovo
SOX10,Homer_denovo
YML081W,Homer_denovo
ZCRB1,Homer_denovo
Tb_0218,Homer_denovo
Ot_0263,Homer_denovo
Tb_0251,Homer_denovo
pan,Homer_denovo
SOX13,Homer_denovo
NHP10,Homer_denovo
RME1,Homer_denovo
NAC058,Homer_denovo
PB0001.1_Arid3a_1,Homer_denovo
SUT1?,Homer_known
CES-1,Homer_known
RLM1,Homer_denovo
IKZF1,Homer_denovo
Rbm24,Homer_denovo
HAP3,Homer_denovo
CAMTA1,Homer_known
KAN1,Homer_denovo
AT3G46070,Homer_denovo
ZBTB26,Homer_denovo
TCF7,Homer_denovo
CBF1,Homer_known
A2BP1,Homer_denovo
SIX1,Homer_denovo
Ets21C,Homer_denovo
MET32,Homer_denovo
ELF3,Homer_known
NF1,Homer_known
GATA19,Homer_known
FHL1,Homer_denovo
MUB,Homer_denovo
ESE3,Homer_known
exd,Homer_denovo
Dref,Homer_denovo
FMR1,Homer_denovo
GFX,Homer_denovo
NKX2-8,Homer_denovo
GATA9,Homer_denovo
NCU02182,Homer_denovo
PB0049.1_Nr2f2_1,Homer_denovo
At5g58900,Homer_known
AT5G56840,Homer_known
At5g47390,Homer_known
AT5G61620,Homer_known
Tbox:Smad,Homer_known
At1g49010,Homer_known
ARR1,Homer_denovo
PABPC3,Homer_denovo
RBMS3,Homer_denovo
NKX2-2,Homer_denovo
NFIX,Homer_denovo
CBF4,Homer_known
kni,Homer_denovo
ANKHD1,Homer_denovo
BEAF-32B,Homer_denovo
Ptx1,Homer_denovo
AT3G09735,Homer_known
HRE,Homer_known
WRKY42,Homer_known
CCA,Homer_known
GATA6,Homer_known
Hand2,Homer_known
TBP3,Homer_known
NFkB-p65-Rel,Homer_denovo
PH0028.1_En1,Homer_denovo
FOXF2,Homer_denovo
YBX1,Homer_denovo
vvl,Homer_denovo
MYNN,Homer_denovo
PB0005.1_Bbx_1,Homer_denovo
cad,Homer_denovo
RPH1,Homer_denovo
NAC92,Homer_denovo
pha-4,Homer_denovo
RFX1,Homer_denovo
Tv_0259,Homer_denovo
MyoD,Homer_known
PB0098.1_Zfp410_1,Homer_denovo
bHLH18,Homer_known
CUP2,Homer_denovo
Tb_0217,Homer_denovo
RUNX1,Homer_known
NR2C1,Homer_denovo
Tv_0258,Homer_denovo
UGA3,Homer_denovo
EBF1,Homer_known
MIG1,Homer_denovo
ZBTB18,Homer_known
EBF2,Homer_known
AT2G40260,Homer_known
RBFox2,Homer_known
AT2G38300,Homer_known
IRF4,Homer_known
KAN2,Homer_known
Gfi1b,Homer_known
z,Homer_denovo
TOS8,Homer_denovo
PB0056.1_Rfxdc2_1,Homer_denovo
Dof2,Homer_denovo
unc-62,Homer_denovo
HAC1,Homer_denovo
PUT3,Homer_denovo
PH0144.1_Pou2f2,Homer_denovo
slp1,Homer_denovo
gsb,Homer_denovo
MF0002.1_bZIP_CREB,Homer_denovo
ZSCAN29,Homer_denovo
NF1:FOXA1,Homer_known
NR2C2,Homer_denovo
tll,Homer_denovo
PH0012.1_Cdx1,Homer_denovo
gl,Homer_denovo
CST6,Homer_denovo
HMRA2,Homer_denovo
MEF2C,Homer_denovo
GATA5,Homer_denovo
twi,Homer_denovo
PB0161.1_Rxra_2,Homer_denovo
brk,Homer_denovo
RBP1-LIKE,Homer_denovo
MYB113,Homer_known
B52,Homer_denovo
NAC080,Homer_denovo
LHY,Homer_known
AT3G42860,Homer_known
WRKY45,Homer_known
WRKY65,Homer_known
WRKY30,Homer_known
CELF2,Homer_known
PLT1,Homer_known
GATA:SCL,Homer_known
CRC,Homer_known
ZBTB33,Homer_known
AT3G25990,Homer_known
VDR,Homer_known
Sf3b4,Homer_denovo
RFX3,Homer_denovo
FOXB1,Homer_denovo
MYB33,Homer_known
CNOT4,Homer_denovo
PHL11,Homer_denovo
Sox5,Homer_denovo
SRSF9,Homer_denovo
CG7903,Homer_denovo
FOXH1,Homer_denovo
POU5F1B,Homer_denovo
PB0183.1_Sry_2,Homer_denovo
STB5,Homer_denovo
REI1,Homer_denovo
Tcf21,Homer_known
At1g68670,Homer_known
AtHB32,Homer_known
IRF1,Homer_known
PB0143.1_Klf7_2,Homer_denovo
RELB,Homer_denovo
FOSL1,Homer_denovo
DMRT3,Homer_denovo
HSFB3,Homer_known
blmp-1,Homer_denovo
MF0001.1_ETS_class,Homer_denovo
IRF8,Homer_known
ISRE,Homer_known
PU.1:IRF8,Homer_known
IRF2,Homer_known
bZIP:IRF,Homer_known
ELF5,Homer_known
KLF5,Homer_known
PU.1,Homer_known
KLF6,Homer_known
KLF14,Homer_known
IRF:BATF,Homer_known
KLF1,Homer_known
IRF3,Homer_known
Klf9,Homer_known
Initiator,Homer_known
Klf4,Homer_known
Fos,Homer_known
AT1G69570,Homer_known
Sp2,Homer_known
SpiB,Homer_known
ZBTB12,Homer_known
ZNF415,Homer_known
PU.1-IRF,Homer_known
CTCFL,Homer_denovo
HRB27C,Homer_denovo
SHEP,Homer_denovo
Clamp,Homer_denovo
STB1,Homer_denovo
hth,Homer_denovo
ZIM,Homer_denovo
PB0122.1_Foxk1_2,Homer_denovo
YRM1,Homer_denovo
RDR1,Homer_denovo
BARX2,Homer_denovo
PH0085.1_Irx4,Homer_denovo
At1g74840,Homer_known
prd,Homer_denovo
PF10_0214,Homer_denovo
oc,Homer_denovo
br-Z4,Homer_denovo
ZIC1,Homer_denovo
USF2,Homer_denovo
PB0168.1_Sox14_2,Homer_denovo
MYF6,Homer_denovo
pnr,Homer_denovo
ATHB-51,Homer_denovo
Tb_0220,Homer_denovo
HAP2,Homer_denovo
PB0172.1_Sox1_2,Homer_denovo
Rbpj1,Homer_known
mab-5,Homer_denovo
PUM,Homer_denovo
Hoxa10,Homer_known
GFI1,Homer_denovo
HNRNPA2B1,Homer_denovo
ERF6,Homer_denovo
PRDM14,Homer_known
GT-1,Homer_denovo
EBF,Homer_known
WRKY8,Homer_known
PABPC1,Homer_known
NFAT5,Homer_denovo
Pax2,Homer_denovo
PKNOX1,Homer_denovo
D,Homer_denovo
SD0003.1_at_AC_acceptor,Homer_denovo
PH0171.1_Nkx2-1,Homer_denovo
PDR3,Homer_denovo
Dux,Homer_denovo
achi,Homer_denovo
CEBP:AP1,Homer_known
usp,Homer_denovo
ERT1,Homer_denovo
Nr2e1,Homer_denovo
PH0068.1_Hoxc13,Homer_denovo
che-1,Homer_denovo
ZNF24,Homer_denovo
fos-1,Homer_denovo
Abd-B,Homer_denovo
pqm-1,Homer_denovo
UME6,Homer_denovo
RIM101,Homer_denovo
TOD6,Homer_denovo
MAC1,Homer_denovo
NKX2-5,Homer_denovo
RORgt,Homer_known
POU3F3,Homer_denovo
PB0207.1_Zic3_2,Homer_denovo
NRG1,Homer_denovo
ZSCAN4,Homer_denovo
nit-4,Homer_denovo
PB0121.1_Foxj3_2,Homer_denovo
STAT6,Homer_known
BAS1,Homer_denovo
RPN4,Homer_denovo
NFYB,Homer_denovo
LIN-15B,Homer_known
unc-86,Homer_denovo
MBP1,Homer_denovo
msn-1,Homer_denovo
AT4G00250,Homer_known
ZNF354C,Homer_denovo
NHLH2,Homer_denovo
HSFC1,Homer_known
IDD4,Homer_known
Fra1,Homer_known
BATF,Homer_known
JunB,Homer_known
IDD7,Homer_known
Atf3,Homer_known
At5g66730,Homer_known
JKD,Homer_known
MGP,Homer_known
At3g24120,Homer_known
AP-1,Homer_known
AT5G45580,Homer_known
HLF,Homer_known
Jun-AP1,Homer_known
Cdx2,Homer_known
TCP7,Homer_known
AT4G37180,Homer_known
MYB88,Homer_known
At1g14580,Homer_known
EIL4,Homer_known
caudal,Homer_known
MEIS3,Homer_denovo
MATALPHA2,Homer_denovo
PL0012.1_hlh-2::hlh-8,Homer_denovo
ARR14,Homer_denovo
unc-30,Homer_denovo
br-Z3,Homer_denovo
FZF1,Homer_denovo
NR2F2,Homer_denovo
sd,Homer_denovo
CREM,Homer_denovo
Hr46,Homer_denovo
bHLH157,Homer_known
MAL8P1.40,Homer_denovo
Pp_0206,Homer_denovo
SPL3,Homer_denovo
ETV2,Homer_denovo
ARF4,Homer_denovo
HOXB7,Homer_denovo
ASH1,Homer_denovo
STP1,Homer_denovo
grh,Homer_denovo
BHLHE23,Homer_denovo
RAV1,Homer_known
Dmrt1,Homer_denovo
MEIS1,Homer_denovo
AGL95,Homer_known
HSF7,Homer_known
AT2G01818,Homer_known
HSF3,Homer_known
HSFA6B,Homer_known
HSFA1E,Homer_known
HSFA6A,Homer_known
HSF21,Homer_known
KHDRBS3,Homer_denovo
PB0153.1_Nr2f2_2,Homer_denovo
Hand1::Tcf3,Homer_denovo
cebp-1,Homer_denovo
MAFG,Homer_denovo
MEF2B,Homer_denovo
NEUROG2,Homer_denovo
sma-4,Homer_denovo
MYB40,Homer_denovo
POU3F1,Homer_denovo
HAP4,Homer_denovo
Tv_0257,Homer_denovo
PB0048.1_Nkx3-1_1,Homer_denovo
PB0097.1_Zfp281_1,Homer_denovo
SWI6,Homer_denovo
At5g08750,Homer_known
NR2F1,Homer_denovo
YKL222C,Homer_denovo
ARR11,Homer_denovo
PB0055.1_Rfx4_1,Homer_denovo
YLR278C,Homer_denovo
SPL11,Homer_denovo
pho,Homer_denovo
FIGLA,Homer_denovo
bab1,Homer_denovo
CHA4,Homer_denovo
PB0028.1_Hbp1_1,Homer_denovo
SRSF2,Homer_denovo
OsRR22,Homer_denovo
CG11360,Homer_denovo
SRF,Homer_denovo
FOXN3,Homer_denovo
YDR026C,Homer_denovo
MYB3,Homer_denovo
CPO,Homer_denovo
Nv_0278,Homer_denovo
bin,Homer_denovo
NEUROD1,Homer_denovo
RBM8A,Homer_denovo
STP4,Homer_denovo
PB0179.1_Sp100_2,Homer_denovo
DRE1C,Homer_denovo
MATA1,Homer_denovo
StBRC1,Homer_denovo
E2F7,Homer_known
BZIP60,Homer_denovo
ZNF75D,Homer_denovo
SD0002.1_at_AC_acceptor,Homer_denovo
DEL1,Homer_known
FAR1,Homer_known
FHY3,Homer_known
Duxbl,Homer_known
PTF1,Homer_known
CAMTA5,Homer_known
TCP3,Homer_known
TSO1,Homer_known
FOXO4,Homer_denovo
CAD1,Homer_denovo
PFF0320c,Homer_denovo
onecut,Homer_denovo
PB0040.1_Lef1_1,Homer_denovo
BHLH112,Homer_denovo
MF0010.1_Homeobox_class,Homer_denovo
MYB55,Homer_denovo
RBPJ,Homer_denovo
RBM4,Homer_denovo
TFCP2,Homer_denovo
POU3F4,Homer_denovo
SOX9,Homer_denovo
bZIP52,Homer_known
ATHB7,Homer_known
HNF6,Homer_known
VIP1,Homer_known
ZNF669,Homer_known
MIG3,Homer_denovo
LMX1B,Homer_denovo
PHD1,Homer_denovo
Deaf1,Homer_denovo
SNAI1,Homer_denovo
DOT6,Homer_denovo
VENTX,Homer_denovo
RSC3,Homer_denovo
MOT3,Homer_denovo
HNRNPC,Homer_denovo
TARDBP,Homer_denovo
bZIP69,Homer_known
HOXD13,Homer_known
Stat5b,Homer_denovo
IRF6,Homer_denovo
ARF3,Homer_denovo
TBF1,Homer_denovo
PB0059.1_Six6_1,Homer_denovo
PB0074.1_Sox8_1,Homer_denovo
GTS1,Homer_denovo
Gsc,Homer_denovo
MYB118,Homer_known
Srebp2,Homer_known
PB0147.1_Max_2,Homer_denovo
SKN7,Homer_denovo
Znf263,Homer_denovo
At1g22810,Homer_known
At4g16750,Homer_known
dof24,Homer_known
At1g64620,Homer_known
AT2G28810,Homer_known
At1g19210,Homer_known
CDF3,Homer_known
OBP3,Homer_known
NFAT,Homer_known
BBX31,Homer_known
TUT1,Homer_denovo
Cf2-II,Homer_denovo
H2,Homer_denovo
PB0164.1_Smad3_2,Homer_denovo
Crx,Homer_denovo
PB0195.1_Zbtb3_2,Homer_denovo
CG14718,Homer_denovo
ETV5,Homer_denovo
IRF7,Homer_denovo
Su,Homer_denovo
LEC2,Homer_denovo
ECM22,Homer_denovo
PH0140.1_Pknox1,Homer_denovo
Tcf3,Homer_known
DREF,Homer_known
POU6F1,Homer_denovo
dof43,Homer_denovo
RVE1,Homer_denovo
TCFL5,Homer_denovo
TCP23,Homer_denovo
Pp_0237,Homer_denovo
TFAP2E,Homer_denovo
tup,Homer_denovo
Nkx3-1,Homer_denovo
Pcbp2,Homer_denovo
AT5G05550,Homer_known
At3g60580,Homer_known
Egr2,Homer_known
DEAR3,Homer_known
AT1G77200,Homer_known
Egr1,Homer_known
nub,Homer_denovo
rst2,Homer_denovo
FKH2,Homer_denovo
ZNF264,Homer_known
RARg,Homer_known
Foxh1,Homer_known
TBX15,Homer_denovo
ZAP1,Homer_denovo
CG5213,Homer_denovo
Lm_0254,Homer_denovo
PH0148.1_Pou3f3,Homer_denovo
schlank,Homer_denovo
ROX1,Homer_denovo
PL0005.1_hlh-30,Homer_denovo
Zfp809,Homer_known
At1g75490,Homer_known
LBD19,Homer_known
AT3G57600,Homer_known
Bcl11a,Homer_known
PRDM10,Homer_known
HNRNPL,Homer_denovo
ISL2,Homer_denovo
Tag,Homer_denovo
srp,Homer_denovo
MAZ,Homer_denovo
SMAD3,Homer_denovo
INO4,Homer_denovo
ZNF317,Homer_denovo
ETV3,Homer_denovo
TGIF1,Homer_denovo
WRKY47,Homer_known
PL0004.1_hlh-27,Homer_denovo
MSI1,Homer_denovo
FXR2,Homer_denovo
MOT2,Homer_denovo
TIAR-1,Homer_denovo
ARF34,Homer_denovo
CDX4,Homer_known
Tlx?,Homer_known
BOS1,Homer_known
Sp5,Homer_known
PRDM9,Homer_known
GAT1,Homer_denovo
PHL1,Homer_denovo
PB0132.1_Hbp1_2,Homer_denovo
MEF2A,Homer_denovo
RDS2,Homer_denovo
ttk,Homer_denovo
POL004.1_CCAAT-box,Homer_denovo
MYB98,Homer_known
ARET,Homer_denovo
ZNF189,Homer_denovo
CEP3,Homer_denovo
AGL27,Homer_denovo
SPL9,Homer_known
Rbm42,Homer_denovo
RBP1,Homer_denovo
TLX2,Homer_denovo
PB0096.1_Zfp187_1,Homer_denovo
Foxl2,Homer_denovo
THRB,Homer_denovo
SNRPA,Homer_denovo
PFI1695c,Homer_denovo
NFIB,Homer_denovo
ct,Homer_denovo
Pp_0229,Homer_denovo
ARNT::HIF1A,Homer_denovo
FLI1,Homer_denovo
TCF12,Homer_denovo
wc-1,Homer_denovo
PDR1,Homer_denovo
SPT15,Homer_denovo
PB0174.1_Sox30_2,Homer_denovo
HNRNPAB,Homer_denovo
An_0265,Homer_denovo
SD0001.1_at_AC_acceptor,Homer_denovo
Nrf2,Homer_known
bZIP44,Homer_known
STAT5,Homer_known
STAT1,Homer_known
Hoxa11,Homer_known
"NFkB-p50,p52",Homer_known
SOL1,Homer_known
AARE,Homer_known
NF-E2,Homer_known
Zfp281,Homer_known
AR-halfsite,Homer_known
ZNF165,Homer_known
Dorsal,Homer_known
CHR,Homer_known
PB0140.1_Irf6_2,Homer_denovo
AT1G47655,Homer_known
SMZ,Homer_denovo
RBM28,Homer_denovo
PH0040.1_Hmbox1,Homer_denovo
MYCN,Homer_denovo
At5g18450,Homer_known
KANADI1,Homer_known
AT2G20110,Homer_known
MafK,Homer_known
At4g01280,Homer_known
LXRE,Homer_known
dHNF4,Homer_known
EPR1,Homer_known
LHY1,Homer_known
ORB2,Homer_denovo
CG17838,Homer_denovo
TCP2,Homer_denovo
br-Z2,Homer_denovo
YPR196W,Homer_denovo
POL012.1_TATA-Box,Homer_denovo
SOK2,Homer_denovo
VEZF1,Homer_denovo
ANAC017,Homer_known
Stat3+il21,Homer_known
STAT4,Homer_known
AT1G19040,Homer_known
ANAC011,Homer_known
LBD2,Homer_known
ANAC053,Homer_known
LCL1,Homer_known
ANAC050,Homer_known
Stat3,Homer_known
TBX21,Homer_denovo
KHDRBS2,Homer_denovo
MYB116,Homer_denovo
NFKB2,Homer_denovo
PB0136.1_IRC900814_2,Homer_denovo
ap,Homer_denovo
ARF18,Homer_denovo
so,Homer_denovo
ZNF148,Homer_denovo
Mafb,Homer_denovo
p73,Homer_known
MYB41,Homer_known
At3g09600,Homer_known
DUX4,Homer_known
MafF,Homer_known
AIL7,Homer_known
REB1,Homer_known
PB0078.1_Srf_1,Homer_denovo
OSR2,Homer_denovo
CEBPD,Homer_denovo
PB0157.1_Rara_2,Homer_denovo
HAT1,Homer_known
Zfp57,Homer_known
At5g52660,Homer_known
Gli2,Homer_known
NFkB-p65,Homer_known
LBD13,Homer_known
PB0114.1_Egr1_2,Homer_denovo
TCP17,Homer_denovo
RBM5,Homer_denovo
PB0171.1_Sox18_2,Homer_denovo
YAP7,Homer_denovo
SUT1,Homer_denovo
Ubx,Homer_denovo
Med,Homer_denovo
At1g19000,Homer_known
ZNF528,Homer_known
ANAC016,Homer_known
dif,Homer_denovo
PB0088.1_Tcfap2e_1,Homer_denovo
QKR58E-1,Homer_denovo
STE12,Homer_denovo
ELK3,Homer_denovo
WT1,Homer_known
T1ISRE,Homer_known
AT2G15740,Homer_known
RKD2,Homer_known
p53,Homer_known
ANAC013,Homer_known
NFE2L2,Homer_known
At2g01060,Homer_known
MafB,Homer_known
ANAC020,Homer_known
CUC3,Homer_known
ANAC087,Homer_known
NFKB1,Homer_denovo
FOXL1,Homer_denovo
YER051W,Homer_denovo
PB0146.1_Mafk_2,Homer_denovo
REM16,Homer_known
PB0158.1_Rfx3_2,Homer_denovo
CIN5,Homer_denovo
GCR1,Homer_denovo
OJ1581_H09.2,Homer_denovo
YRR1,Homer_denovo
RSF1,Homer_denovo
NDT80,Homer_denovo
ovo,Homer_denovo
ZNF143,Homer_denovo
PTBP1,Homer_denovo
CG2931,Homer_denovo
WRKY21,Homer_known
WRKY11,Homer_known
MS188,Homer_known
POU2F3,Homer_denovo
YAP6,Homer_denovo
CRZ1,Homer_denovo
FKH1,Homer_denovo
MYB121,Homer_known
EMB1789,Homer_known
POL008.1_DCE_S_I,Homer_denovo
BHLHE22,Homer_denovo
PABPN1,Homer_denovo
Pnt,Homer_denovo
Stat5a,Homer_denovo
POU2F1,Homer_denovo
M1BP,Homer_known
Arntl,Homer_denovo
PB0119.1_Foxa2_2,Homer_denovo
PCBP2,Homer_denovo
YPR022C,Homer_denovo
AT1G10720,Homer_known
SPL5,Homer_denovo
RDS1,Homer_denovo
PABPC5,Homer_denovo
THAP1,Homer_denovo
SWI4,Homer_denovo
ATOH1,Homer_denovo
SFL1,Homer_denovo
PB0166.1_Sox12_2,Homer_denovo
PB0187.1_Tcf7_2,Homer_denovo
PL0001.1_hlh-11,Homer_denovo
Vts1p,Homer_denovo
TCP1,Homer_known
RBPJ:Ebox,Homer_known
SFP1,Homer_denovo
Mef2,Homer_denovo
OLIG3,Homer_denovo
PB0026.1_Gm397_1,Homer_denovo
PH0037.1_Hdx,Homer_denovo
MZF1,Homer_denovo
POL013.1_MED-1,Homer_denovo
ZBTB14,Homer_denovo
RUNX3,Homer_denovo
dof45,Homer_known
At3g45610,Homer_known
Adof1,Homer_known
At5g62940,Homer_known
AT3G12130,Homer_known
BPC1,Homer_known
AT5G63260,Homer_known
AT5G66940,Homer_known
OBP1,Homer_known
NSI1,Homer_denovo
REF2,Homer_denovo
HNRNPR,Homer_denovo
CREB3L4,Homer_denovo
Hoxd12,Homer_known
PH0116.1_Nkx2-9,Homer_denovo
MYF5,Homer_denovo
AT1G12630,Homer_known
HSFB4,Homer_known
AT2G31460,Homer_known
AT1G23810,Homer_known
ETS:E-box,Homer_known
BMYB,Homer_known
CEJ1,Homer_known
AT3G58630,Homer_known
dl,Homer_denovo
Tb_0252,Homer_denovo
TFAM,Homer_denovo
MF0008.1_MADS_class,Homer_denovo
Dof3,Homer_denovo
AGL15,Homer_known
RTG3,Homer_denovo
TRA2,Homer_denovo
MYB17,Homer_denovo
TFDP1,Homer_denovo
SAMD4A,Homer_denovo
ETS2,Homer_denovo
efl-1,Homer_denovo
PB0189.1_Tcfap2a_2,Homer_denovo
PL0011.1_hlh-2::hlh-4,Homer_denovo
AT1G04880,Homer_known
PHV,Homer_known
Prdm15,Homer_denovo
GAT3,Homer_denovo
PB0066.1_Sox17_1,Homer_denovo
O2,Homer_known
WRKY17,Homer_known
AGL6,Homer_known
POL006.1_BREu,Homer_denovo
TB1,Homer_denovo
Pr_0249,Homer_denovo
SRP54,Homer_denovo
Optix,Homer_denovo
STP3,Homer_denovo
PCBP1,Homer_denovo
Hsf,Homer_denovo
PB0060.1_Smad3_1,Homer_denovo
PB0170.1_Sox17_2,Homer_denovo
Tv_0226,Homer_denovo
PF13_0315,Homer_denovo
HNRNPK,Homer_denovo
GATA4,Homer_known
PH0168.1_Hnf1b,Homer_denovo
PH0130.1_Otx2,Homer_denovo
AtIDD11,Homer_known
ERF38,Homer_known
AT3G16280,Homer_known
bHLH10,Homer_known
Pdp1,Homer_denovo
PROX1,Homer_denovo
ELK1,Homer_denovo
PB0068.1_Sox1_1,Homer_denovo
elt-2,Homer_denovo
PB0054.1_Rfx3_1,Homer_denovo
ZHD1,Homer_denovo
HOXB4,Homer_denovo
ARG80,Homer_denovo
HOXC11,Homer_denovo
HOXD3,Homer_denovo
RCS1,Homer_denovo
PHO2,Homer_denovo
RAP210,Homer_denovo
PH0137.1_Pitx1,Homer_denovo
RO3G_00049,Homer_denovo
PITX3,Homer_denovo
DREB1G,Homer_denovo
OPI1,Homer_denovo
Otp,Homer_denovo
Brachyury,Homer_known
CBF3,Homer_known
TINY,Homer_known
Rap210,Homer_known
DDF1,Homer_known
AT3G60490,Homer_known
At2g44940,Homer_known
CBF2,Homer_known
PUCHI,Homer_known
At4g28140,Homer_known
At1g36060,Homer_known
CG2950,Homer_denovo
PH0024.1_Dlx5,Homer_denovo
TF3A,Homer_denovo
eve,Homer_denovo
ARF10,Homer_denovo
PB0160.1_Rfxdc2_2,Homer_denovo
UPC2,Homer_denovo
TCX3,Homer_denovo
FUS,Homer_denovo
MYB3R5,Homer_known
MYB30,Homer_known
Aef1,Homer_denovo
PB0091.1_Zbtb3_1,Homer_denovo
OTX2,Homer_denovo
en,Homer_denovo
bcd-1,Homer_denovo
PH0082.1_Irx2,Homer_denovo
LIN54,Homer_denovo
JDP2,Homer_denovo
MYB52,Homer_denovo
RBM45,Homer_denovo
ZC3H10,Homer_denovo
Nr2e3,Homer_denovo
SPL15,Homer_known
PB0102.1_Zic2_1,Homer_denovo
HMG-I,Homer_denovo
RBM6,Homer_denovo
PUF68,Homer_denovo
CMTA2,Homer_denovo
KLF10,Homer_known
ANAC057,Homer_known
GLI3,Homer_known
PB0062.1_Sox12_1,Homer_denovo
LHX5,Homer_denovo
Nkx2-5,Homer_denovo
GRHL1,Homer_denovo
NR5A1,Homer_denovo
CG33714,Homer_denovo
PH0145.1_Pou2f3,Homer_denovo
TCF7L1,Homer_denovo
Ddit3::Cebpa,Homer_denovo
MET28,Homer_denovo
AGL55,Homer_denovo
YDR026c,Homer_denovo
Rx,Homer_denovo
PB0106.1_Arid5a_2,Homer_denovo
ZNF519,Homer_denovo
PB0037.1_Isgf3g_1,Homer_denovo
PB0089.1_Tcfe2a_1,Homer_denovo
PB0152.1_Nkx3-1_2,Homer_denovo
sv,Homer_denovo
NHLH1,Homer_denovo
lab,Homer_denovo
ARALYDRAFT_484486,Homer_denovo
Ebf2,Homer_denovo
YAP5,Homer_denovo
YOX1,Homer_denovo
MYB62,Homer_known
REF6,Homer_known
MYB27,Homer_known
PB0084.1_Tcf7l2_1,Homer_denovo
TGA7,Homer_denovo
SOX14,Homer_denovo
MAX::MYC,Homer_denovo
TEA1,Homer_denovo
RBMS1,Homer_denovo
BRUNOL6,Homer_denovo
PF10_0068,Homer_denovo
Dfd,Homer_denovo
ABF4,Homer_denovo
ROX8,Homer_denovo
SUT2,Homer_denovo
PB0194.1_Zbtb12_2,Homer_denovo
NAC083,Homer_denovo
PB0050.1_Osr1_1,Homer_denovo
QKI,Homer_denovo
GLIS2,Homer_denovo
MSI,Homer_denovo
PLAGL2,Homer_denovo
HOW,Homer_denovo
ARR2,Homer_denovo
PB0030.1_Hnf4a_1,Homer_denovo
KAN4,Homer_denovo
LIN28A,Homer_denovo
PH0023.1_Dlx4,Homer_denovo
RBP9,Homer_denovo
SUM1,Homer_denovo
GCR2,Homer_denovo
PB0094.1_Zfp128_1,Homer_denovo
FaEOBII,Homer_denovo
SOX12,Homer_denovo
