Query	Query_Name	Target	Target_Name	Predicted_motif
Nvec_vc1.1_XM_048731339.1	AP-2.HG1.4:like:TFAP2A/TFAP...	Mmus_ENSMUST00000048194	TFAP2E	M00114_2.00
Nvec_vc1.1_XM_001633894.3	TFAP2A/TFAP2B/TFAP2C/TFAP2D...	Mmus_ENSMUST00000048194	TFAP2E	M00114_2.00
Nvec_vc1.1_XM_001630131.3	ARID4A/ARID4B	Dmel_FBtr0072073	ARID3A/ARID3B/ARID3C	M05899_2.00
Nvec_vc1.1_XM_048724160.1	ARID_BRIGHT.HG1.1:like:ARID...	Drer_ENSDART00000142431	ARID_BRIGHT.HG1.2:ARID5A/AR...	M01657_2.00
Nvec_vc1.1_XM_048724161.1	ARID_BRIGHT.HG1.1:like:ARID...	Drer_ENSDART00000142431	ARID_BRIGHT.HG1.2:ARID5A/AR...	M01657_2.00
Nvec_vc1.1_XM_032366646.2	ARID5A/ARID5B	Drer_ENSDART00000142431	ARID_BRIGHT.HG1.2:ARID5A/AR...	M01657_2.00
Nvec_vc1.1_XM_048722594.1	ARID2	Dmel_FBtr0072073	ARID3A/ARID3B/ARID3C	M05899_2.00
Nvec_vc1.1_XM_032362135.2	ARID3A/ARID3B/ARID3C	Dmel_FBtr0072073	ARID3A/ARID3B/ARID3C	M05899_2.00
Nvec_vc1.1_XM_032369810.2	ARID_BRIGHT.HG1.7:ARID1A/AR...	Dmel_FBtr0072073	ARID3A/ARID3B/ARID3C	M05899_2.00
Nvec_v1g90177	AT_hook.HG1.0:HMGA2	Mmus_ENSMUST00000159699	HMGA2	M00751_2.00
Nvec_vc1.1_XM_032366242.2	bZIP.HG1.5:DBP/HLF/LINC0186...	Dmel_FBtr0087190	bZIP.HG1.5:DBP/HLF/LINC0186...	M03653_2.00
Nvec_vc1.1_XM_001634460.3	bZIP.HG1.5:DBP/HLF/LINC0186...	Dmel_FBtr0087190	bZIP.HG1.5:DBP/HLF/LINC0186...	M03653_2.00
Nvec_vc1.1_XM_032382493.2	bZIP.HG1.5:DBP/HLF/LINC0186...	Hsap_ENST00000266304	TEF	M02849_2.00
Nvec_vc1.1_XM_032367127.2	bZIP.HG1.5:DBP/HLF/LINC0186...	Hsap_ENST00000266304	TEF	M02849_2.00
Nvec_vc1.1_XM_032363985.2	DBP/HLF/TEF	Hsap_ENST00000266304	TEF	M02849_2.00
Nvec_vc1.1_XM_001634326.3	bZIP.HG1.2:like:DBP/HLF/LIN...	Dmel_FBtr0070460	bZIP.HG1.5:DBP/HLF/LINC0186...	M05843_2.00
Nvec_vc1.1_XM_048723364.1	bZIP.HG1.4:like:DBP/HLF/LIN...	Dmel_FBtr0070460	bZIP.HG1.5:DBP/HLF/LINC0186...	M05843_2.00
Nvec_vc1.1_XM_032383717.2	bZIP.HG1.7:like:DBP/HLF/LIN...	Dmel_FBtr0070460	bZIP.HG1.5:DBP/HLF/LINC0186...	M05843_2.00
Nvec_vc1.1_XM_032383907.2	ATF2/ATF7/ATF7-NPFF/CREB5	Mmus_ENSMUST00000184485	ATF7	M01823_2.00
Nvec_vc1.1_XM_001628946.3	ATF6/ATF6B	Hsap_ENST00000375203	ATF6B	M04043_2.00
Nvec_vc1.1_XM_032372114.2	ATF4/ATF5	Dmel_FBtr0081512	ATF4/ATF5	M03631_2.00
Nvec_vc1.1_XM_001638266.3	CREBL2	Dmel_FBtr0089738	CREBL2	M03649_2.00
Nvec_vc1.1_XM_048730283.1	bZIP.HG2.4:FOS/FOSB/FOSL1/F...	Hsap_ENST00000353609	FOSB	M04272_2.00
Nvec_vc1.1_XM_001631093.3	bZIP.HG2.4:FOS/FOSB/FOSL1/F...	Hsap_ENST00000353609	FOSB	M04272_2.00
Nvec_vc1.1_XM_001633273.3	FOS/FOSB/FOSL1/FOSL2	Hsap_ENST00000353609	FOSB	M04272_2.00
Nvec_vc1.1_XM_048730161.1	FOS/FOSB/FOSL1/FOSL2	Hsap_ENST00000353609	FOSB	M04272_2.00
Nvec_vc1.1_XM_032378649.2	FOS/FOSB/FOSL1/FOSL2	Hsap_ENST00000353609	FOSB	M04272_2.00
Nvec_vc1.1_XM_001631543.3	CREB3/CREB3L3/CREB3L4	Hsap_ENST00000271889	CREB3L4	M04293_2.00
Nvec_vc1.1_XM_032378881.2	CREB3L1/CREB3L2	Mmus_ENSMUST00000041093	CREB3L2	M01812_2.00
Nvec_vc1.1_XM_048723046.1	CREB3L1/CREB3L2	Mmus_ENSMUST00000041093	CREB3L2	M01812_2.00
Nvec_vc1.1_XM_001623467.3	CREBZF	Mmus_ENSMUST00000061767	CREBZF	M01813_2.00
Nvec_vc1.1_XM_032370269.2	bZIP.HG4.4:MAF/MAFA/MAFB/NRL	Hsap_ENST00000333480	MAFA	M04355_2.00
Nvec_vc1.1_XM_001639307.3	bZIP.HG4.4:MAF/MAFA/MAFB/NRL	Hsap_ENST00000333480	MAFA	M04355_2.00
Nvec_vc1.1_XM_032376926.2	MAF/MAFA/MAFB/NRL	Hsap_ENST00000333480	MAFA	M04355_2.00
Nvec_vc1.1_XM_032384300.2	bZIP.HG4.1:like:MAF/MAFA/MA...	Dmel_FBtr0342716	MAFF/MAFG/MAFK	M04005_2.00
Nvec_vc1.1_XM_048728399.1	bZIP.HG5.1:CEBPA/CEBPB/CEBP...	Hsap_ENST00000284000	CEBPG	M02840_2.00
Nvec_vc1.1_XM_032382466.2	CEBPA/CEBPB/CEBPD/CEBPE	Mmus_ENSMUST00000064290	CEBPE	M01815_2.00
Nvec_v1g241767	bZIP.HG6.4:JUN/JUNB/JUND	Hsap_ENST00000371222	JUN	M04339_2.00
Nvec_vc1.1_XM_001640853.3	JUN/JUNB/JUND	Hsap_ENST00000371222	JUN	M04339_2.00
Nvec_vc1.1_XM_032385896.2	JUN/JUNB/JUND	Hsap_ENST00000371222	JUN	M04339_2.00
Nvec_vc1.1_XM_032374029.2	JUN/JUNB/JUND	Hsap_ENST00000371222	JUN	M04339_2.00
Nvec_vc1.1_XM_032373624.2	NFE2/NFE2L1/NFE2L2/NFE2L3	Hsap_ENST00000257749	BACH2	M08787_2.00
Nvec_vc1.1_XM_001633393.3	bZIP.HG8.1:ATF1/CREB1/CREM	Mmus_ENSMUST00000150235	CREM	M01821_2.00
Nvec_vc1.1_XM_001629694.3	bZIP.HG9.0:XBP1	Hsap_ENST00000344347	XBP1	M04233_2.00
Nvec_vc1.1_XM_032386611.2	CSD.HG1.2:like:LIN28A/LIN28...	Hsap_ENST00000436427	YBX1	M04661_2.00
Nvec_vc1.1_XM_001633482.3	YBX1/YBX2/YBX3	Hsap_ENST00000436427	YBX1	M04661_2.00
Nvec_vc1.1_XM_032384091.2	DMRT2	Hsap_ENST00000358146	DMRT2	M01931_2.00
Nvec_vc1.1_XM_032362387.2	DMRT2	Hsap_ENST00000358146	DMRT2	M01931_2.00
Nvec_vc1.1_XM_032377759.2	DMRT2	Hsap_ENST00000358146	DMRT2	M01931_2.00
Nvec_vc1.1_XM_032375670.2	DMRT2	Hsap_ENST00000358146	DMRT2	M01931_2.00
Nvec_vc1.1_XM_032371744.2	Doublesex_DM.HG1.4:DMRT2/DM...	Hsap_ENST00000358146	DMRT2	M01931_2.00
Nvec_vc1.1_XM_032382520.2	Doublesex_DM.HG1.4:DMRT2/DM...	Dmel_FBtr0084007	Doublesex_DM.HG1.4:DMRT2/DM...	M03718_2.00
Nvec_vc1.1_XM_001628087.3	DMRTA1/DMRTA2	Dmel_FBtr0085454	DMRTA1	M01935_2.00
Nvec_vc1.1_XM_032369373.2	Doublesex_DM.HG1.4:DMRT2/DM...	Hsap_ENST00000358146	DMRT2	M01931_2.00
Nvec_vc1.1_XM_032362140.2	DMRTB1	Mmus_ENSMUST00000069271	DMRTB1	M09028_2.00
Nvec_vc1.1_XM_032381617.2	Doublesex_DM.HG1.10:like:DM...	Cele_C32C4.5a.1	Doublesex_DM.HG1.10:like:DM...	M00654_2.00
Nvec_vc1.1_XM_001626541.3	Doublesex_DM.HG1.12:like:DM...	Cele_F13G11.1b.1	Doublesex_DM.HG1.12:like:DM...	M00655_2.00
Nvec_vc1.1_XM_032385575.2	E2F_TDP.HG1.1:E2F1/E2F2/E2F...	Cele_Y48C3A.17a.1	E2F_TDP.HG1.1:E2F1/E2F2/E2F...	M00662_2.00
Nvec_vc1.1_XM_032380735.2	E2F_TDP.HG1.1:E2F1/E2F2/E2F...	Cele_Y48C3A.17a.1	E2F_TDP.HG1.1:E2F1/E2F2/E2F...	M00662_2.00
Nvec_vc1.1_XM_048722428.1	E2F_TDP.HG1.1:E2F1/E2F2/E2F...	Cele_Y48C3A.17a.1	E2F_TDP.HG1.1:E2F1/E2F2/E2F...	M00662_2.00
Nvec_vc1.1_XM_032385715.2	E2F_TDP.HG1.1:E2F1/E2F2/E2F...	Cele_Y48C3A.17a.1	E2F_TDP.HG1.1:E2F1/E2F2/E2F...	M00662_2.00
Nvec_vc1.1_XM_048732398.1	E2F_TDP.HG1.1:E2F1/E2F2/E2F...	Cele_Y48C3A.17a.1	E2F_TDP.HG1.1:E2F1/E2F2/E2F...	M00662_2.00
Nvec_vc1.1_XM_048734435.1	E2F1/E2F2/E2F3/E2F6	Mmus_ENSMUST00000103145	E2F1	M09041_2.00
Nvec_vc1.1_XM_001627662.3	E2F4/E2F5	Hsap_ENST00000379378	E2F4	M02961_2.00
Nvec_vc1.1_XM_032378402.2	TFDP1/TFDP2/TFDP3	Hsap_ENST00000375370	TFDP1/TFDP3	M08108_2.00
Nvec_vc1.1_XM_032370623.2	E2F7/E2F8	Hsap_ENST00000250024	E2F8	M02959_2.00
Nvec_vc1.1_XM_048727247.1	Ets.HG1.14:like:ELK1/ELK3/E...	Hsap_ENST00000531794	EHF	M02733_2.00
Nvec_vc1.1_XM_001637374.3	Ets.HG1.14:like:ELK1/ELK3/E...	Hsap_ENST00000531794	EHF	M02733_2.00
Nvec_vc1.1_XM_001636352.3	Ets.HG1.14:like:ELK1/ELK3/E...	Hsap_ENST00000531794	EHF	M02733_2.00
Nvec_vc1.1_XM_032361849.2	Ets.HG1.14:like:ELK1/ELK3/E...	Hsap_ENST00000531794	EHF	M02733_2.00
Nvec_vc1.1_XM_032366602.2	Ets.HG1.8:like:EHF/ELF3/ELF5	Mmus_ENSMUST00000090475	EHF	M09071_2.00
Nvec_vc1.1_XM_032362934.2	Ets.HG1.8:like:EHF/ELF3/ELF5	Mmus_ENSMUST00000090475	EHF	M09071_2.00
Nvec_vc1.1_XM_048729186.1	Ets.HG1.7:like:AC020909.1/S...	Hsap_ENST00000227163	SPI1	M07945_2.00
Nvec_vc1.1_XM_032384221.2	ETV6/ETV7	Mmus_ENSMUST00000081028	ETV6	M01491_2.00
Nvec_vc1.1_XM_032385089.2	GABPA	Mmus_ENSMUST00000009120	GABPA	M08113_2.00
Nvec_vc1.1_XM_048732532.1	Ets.HG1.18:ELK1/ELK3/ELK4/E...	Hsap_ENST00000379026	ETV2	M04721_2.00
Nvec_vc1.1_XM_032380975.2	ERG/FEV/FLI1	Dmel_FBtr0078079	FEV	M01972_2.00
Nvec_vc1.1_XM_032377897.2	ETV1/ETV4/ETV5	Hsap_ENST00000319349	ETV4	M04796_2.00
Nvec_vc1.1_XM_032364887.2	FOXL2	Mmus_ENSMUST00000051312	FOXL2	M09112_2.00
Nvec_vc1.1_XM_032384126.2	FOXL1	Mmus_ENSMUST00000181609	FOXL1	M00164_2.00
Nvec_vc1.1_XM_001627072.3	FOXL1	Mmus_ENSMUST00000181609	FOXL1	M00164_2.00
Nvec_vc1.1_XM_032387167.2	Forkhead.HG1.2:FOXC1/FOXC2/...	Hsap_ENST00000375123	FOXE1	M04845_2.00
Nvec_vc1.1_XM_001637115.3	FOXE1/FOXE3	Hsap_ENST00000375123	FOXE1	M04845_2.00
Nvec_vc1.1_XM_048724319.1	FOXD1/FOXD2/FOXD3/FOXD4/FOX...	Hsap_ENST00000334793	FOXD2	M03042_2.00
Nvec_vc1.1_XM_001634111.3	Forkhead.HG1.2:FOXC1/FOXC2/...	Hsap_ENST00000334793	FOXD2	M03042_2.00
Nvec_vc1.1_XM_001625950.3	FOXC1/FOXC2/FOXS1	Dmel_FBtr0078395	FOXC1/FOXC2/FOXS1	M03744_2.00
Nvec_vc1.1_XM_032363859.2	AC097634.4/FOXP1/FOXP2/FOXP...	Mmus_ENSMUST00000113324	AC097634.4	M00793_2.00
Nvec_vc1.1_XM_001627792.3	FOXN1/FOXN4/FOXR1/FOXR2	Hsap_ENST00000339140	FOXR2	M04857_2.00
Nvec_vc1.1_XM_001628964.3	FOXK1/FOXK2	Hsap_ENST00000335255	FOXK2	M08118_2.00
Nvec_vc1.1_XM_001628319.3	FOXJ2/FOXJ3	Mmus_ENSMUST00000044564	FOXJ3	M03058_2.00
Nvec_vc1.1_XM_001624689.3	FOXM1	Hsap_ENST00000342628	FOXM1	M09085_2.00
Nvec_vc1.1_XM_048728028.1	FOXB1/FOXB2	Hsap_ENST00000396057	FOXB1	M04837_2.00
Nvec_vc1.1_XM_048728051.1	Forkhead.HG3.1:FOXA1/FOXA2/...	Hsap_ENST00000250448	FOXA1	M07960_2.00
Nvec_vc1.1_XM_001634505.3	FOXA1/FOXA2/FOXA3	Hsap_ENST00000250448	FOXA1	M07960_2.00
Nvec_vc1.1_XM_032385706.2	Forkhead.HG4.2:NA	Dmel_FBtr0089251	Forkhead.HG4.2:NA	M03750_2.00
Nvec_vc1.1_XM_032378839.2	Forkhead.HG4.2:NA	Dmel_FBtr0089251	Forkhead.HG4.2:NA	M03750_2.00
Nvec_vc1.1_XM_032379152.2	Forkhead.HG4.2:NA	Dmel_FBtr0089251	Forkhead.HG4.2:NA	M03750_2.00
Nvec_vc1.1_XM_032386947.2	Forkhead.HG4.2:NA	Dmel_FBtr0089251	Forkhead.HG4.2:NA	M03750_2.00
Nvec_vc1.1_XM_032374352.2	Forkhead.HG4.2:NA	Dmel_FBtr0089251	Forkhead.HG4.2:NA	M03750_2.00
Nvec_vc1.1_XM_032362607.2	Forkhead.HG5.0:FOXF1/FOXF2/...	Hsap_ENST00000296839	FOXQ1	M09093_2.00
Nvec_vc1.1_XM_001630363.3	FOXO1/FOXO3/FOXO3B/FOXO4/FOXO6	Mmus_ENSMUST00000102656	FOXO6	M00798_2.00
Nvec_vc1.1_XM_001627629.3	Forkhead.HG6.0:FOXO1/FOXO3/...	Mmus_ENSMUST00000102656	FOXO6	M00798_2.00
Nvec_vc1.1_XM_001623127.3	Forkhead.HG6.0:FOXO1/FOXO3/...	Mmus_ENSMUST00000102656	FOXO6	M00798_2.00
Nvec_vc1.1_XM_001624046.3	Forkhead.HG6.0:FOXO1/FOXO3/...	Mmus_ENSMUST00000102656	FOXO6	M00798_2.00
Nvec_vc1.1_XM_032365104.2	Forkhead.HG6.0:FOXO1/FOXO3/...	Mmus_ENSMUST00000102656	FOXO6	M00798_2.00
Nvec_vc1.1_XM_001638841.3	Forkhead.HG7.3:FOXG1	Cele_K03C7.2a.1	Forkhead.HG7.3:FOXG1	M00663_2.00
Nvec_vc1.1_XM_048723945.1	Forkhead.HG8.0:FOXN2/FOXN3	Hsap_ENST00000261302	FOXN3	M01227_2.00
Nvec_vc1.1_XM_001636889.3	FOXJ1	Mmus_ENSMUST00000036215	FOXJ1	M00161_2.00
Nvec_vc1.1_XM_032367288.2	GATA.HG1.22:like:GATA1/GATA...	Cele_W09C2.1a.1	GATA.HG1.22:like:GATA1/GATA...	M08206_2.00
Nvec_vc1.1_XM_001630356.3	ZGLP1	Cele_K04C2.6.1	GATA.HG1.0:like:ZGLP1	M00669_2.00
Nvec_vc1.1_XM_001636971.3	RERE	Cele_C04A2.3a.1	RERE	M08205_2.00
Nvec_vc1.1_XM_032372717.2	GCM.HG1.0:GCM1/GCM2	Dmel_FBtr0079855	GCM1/GCM2	M03764_2.00
Nvec_vc1.1_XM_032386243.2	GRHL1/GRHL2/GRHL3	Hsap_ENST00000646743	GRHL2	M09558_2.00
Nvec_vc1.1_XM_001629572.3	TFCP2/TFCP2L1/UBP1	Dmel_FBtr0089758	Grainyhead_LSF.HG2.0:like:T...	M03769_2.00
Nvec_vc1.1_XM_001631326.3	HLH.HG1.10:like:BHLHA9/FERD...	Mmus_ENSMUST00000059794	NHLH1	M08773_2.00
Nvec_vc1.1_XM_032374008.2	HLH.HG1.7:MESP1/MESP2	Hsap_ENST00000300057	MESP1	M02794_2.00
Nvec_vc1.1_XM_001634938.2	HLH.HG1.7:MESP1/MESP2	Hsap_ENST00000300057	MESP1	M02794_2.00
Nvec_vc1.1_XM_032384492.2	HLH.HG1.7:MESP1/MESP2	Hsap_ENST00000300057	MESP1	M02794_2.00
Nvec_vc1.1_XM_032385185.2	HLH.HG1.7:MESP1/MESP2	Hsap_ENST00000300057	MESP1	M02794_2.00
Nvec_vc1.1_XM_032385184.2	HLH.HG1.7:MESP1/MESP2	Hsap_ENST00000300057	MESP1	M02794_2.00
Nvec_v1g99666	HLH.HG1.7:MESP1/MESP2	Hsap_ENST00000300057	MESP1	M02794_2.00
Nvec_vc1.1_XM_048724372.1	MESP1/MESP2	Hsap_ENST00000300057	MESP1	M02794_2.00
Nvec_vc1.1_XM_032385496.2	PTF1A	Dmel_FBtr0334670	PTF1A	M05990_2.00
Nvec_vc1.1_XM_032384474.2	SCX/TCF15	Dmel_FBtr0091534	SCX/TCF15	M06000_2.00
Nvec_vc1.1_XM_032374977.2	TCF24	Dmel_FBtr0089547	MSC/TCF21	M05971_2.00
Nvec_NVE19743	TCF24	Dmel_FBtr0089547	MSC/TCF21	M05971_2.00
Nvec_vc1.1_XM_001632826.3	HLH.HG1.0:like:HAND1/HAND2	Dmel_FBtr0080073	HAND1/HAND2	M05984_2.00
Nvec_vc1.1_XM_032381908.2	HLH.HG1.2:like:BHLHA9/FERD3...	Dmel_FBtr0080073	HAND1/HAND2	M05984_2.00
Nvec_vc1.1_XM_032362829.1	HLH.HG1.14:LYL1/TAL1/TAL2	Hsap_ENST00000294339	TAL1	M08734_2.00
Nvec_vc1.1_XM_032363017.2	LYL1/TAL1/TAL2	Hsap_ENST00000294339	TAL1	M08734_2.00
Nvec_vc1.1_XM_048731942.1	LYL1/TAL1/TAL2	Hsap_ENST00000294339	TAL1	M08734_2.00
Nvec_vc1.1_XM_032364348.2	HLH.HG1.11:like:LYL1/TAL1/TAL2	Hsap_ENST00000294339	TAL1	M08734_2.00
Nvec_vc1.1_XM_048722339.1	AC019117.4/AHR/AHRR	Hsap_ENST00000242057	AC019117.4/AHR	M08716_2.00
Nvec_vc1.1_XM_032365192.2	HLH.HG10.1:like:AC019117.4/...	Hsap_ENST00000242057	AC019117.4/AHR	M08716_2.00
Nvec_vc1.1_XM_032385569.2	NPAS1	Dmel_FBtr0082710	SIM1	M05958_2.00
Nvec_vc1.1_XM_048731196.1	HLH.HG11.0:like:MITF/TFE3/T...	Dmel_FBtr0307328	MITF/TFE3/TFEB/TFEC	M06003_2.00
Nvec_vc1.1_XM_048733302.1	MITF/TFE3/TFEB/TFEC	Dmel_FBtr0307328	MITF/TFE3/TFEB/TFEC	M06003_2.00
Nvec_vc1.1_XM_001634712.3	EBF1/EBF2/EBF3/EBF4	Dmel_FBtr0112810	EBF1/EBF2/EBF3/EBF4	M03721_2.00
Nvec_vc1.1_XM_032382158.2	HLH.HG15.0:TCF3/TCF4/TCF12	Hsap_ENST00000333725	TCF12	M08731_2.00
Nvec_vc1.1_XM_032384433.2	TWIST1/TWIST2	Mmus_ENSMUST00000049089	TWIST1	M08766_2.00
Nvec_vc1.1_XM_032386357.2	HLH.HG18.2:SREBF1/SREBF2	Mmus_ENSMUST00000023100	SREBF2	M01725_2.00
Nvec_vc1.1_XM_032386356.2	SREBF1/SREBF2	Mmus_ENSMUST00000023100	SREBF2	M01725_2.00
Nvec_vc1.1_XM_032379775.2	TFAP4	Dmel_FBtr0080854	HLH.HG19.1:TFAP4	M03595_2.00
Nvec_vc1.1_XM_032387318.2	HLH.HG19.1:TFAP4	Dmel_FBtr0080854	HLH.HG19.1:TFAP4	M03595_2.00
Nvec_vc1.1_XM_001628278.3	HLH.HG2.9:like:MSGN1	Hsap_ENST00000281047	MSGN1	M04144_2.00
Nvec_vc1.1_XM_001628300.3	HLH.HG2.1:like:ATOH1/ATOH7/...	Cele_C28C12.8.1	HLH.HG2.7:like:MSGN1	M00588_2.00
Nvec_vc1.1_XM_032376421.2	HLH.HG2.11:like:BHLHA15/NEU...	Mmus_ENSMUST00000060747	BHLHA15	M01749_2.00
Nvec_vc1.1_XM_001640990.3	HLH.HG2.12:like:ATOH8	Dmel_FBtr0085009	HLH.HG2.13:like:ATOH8	M06004_2.00
Nvec_vc1.1_XM_048721315.1	HLH.HG2.10:ATOH8	Dmel_FBtr0290323	ATOH8	M05951_2.00
Nvec_vc1.1_XM_001628279.3	ATOH8	Dmel_FBtr0290323	ATOH8	M05951_2.00
Nvec_vc1.1_XM_048721183.1	MAX	Hsap_ENST00000358664	MAX	M07794_2.00
Nvec_vc1.1_XM_048728967.1	MYC/MYCL/MYCN	Mmus_ENSMUST00000022971	MYC	M08751_2.00
Nvec_vc1.1_XM_001640743.3	MYC/MYCL/MYCN	Mmus_ENSMUST00000022971	MYC	M08751_2.00
Nvec_vc1.1_XM_001640809.3	HLH.HG3.6:MGA/MYC/MYCL/MYCN	Mmus_ENSMUST00000022971	MYC	M08751_2.00
Nvec_vc1.1_XM_032366098.2	HLH.HG3.6:MGA/MYC/MYCL/MYCN	Mmus_ENSMUST00000022971	MYC	M08751_2.00
Nvec_vc1.1_XM_032375407.2	HLH.HG3.6:MGA/MYC/MYCL/MYCN	Mmus_ENSMUST00000022971	MYC	M08751_2.00
Nvec_vc1.1_XM_032364139.2	CCDC169-SOHLH2/SOHLH1/SOHLH2	Hsap_ENST00000379881	CCDC169-SOHLH2/SOHLH2	M04097_2.00
Nvec_vc1.1_XM_001635172.3	MXD1/MXD3/MXD4/MXI1	Cele_R03E9.1.1	MXD1/MXD3/MXD4/MXI1	M08183_2.00
Nvec_vc1.1_XM_001636622.3	MNT	Dmel_FBtr0301821	MNT	M05979_2.00
Nvec_vc1.1_XM_032375349.2	HLH.HG4.0:HES2/HES3/HES5/HE...	Mmus_ENSMUST00000023171	HES1	M01726_2.00
Nvec_vc1.1_XM_001637044.3	HLH.HG4.0:HES2/HES3/HES5/HE...	Mmus_ENSMUST00000023171	HES1	M01726_2.00
Nvec_vc1.1_XM_001634550.3	HLH.HG4.0:HES2/HES3/HES5/HE...	Mmus_ENSMUST00000023171	HES1	M01726_2.00
Nvec_vc1.1_XM_032384063.2	HLH.HG4.0:HES2/HES3/HES5/HE...	Mmus_ENSMUST00000023171	HES1	M01726_2.00
Nvec_vc1.1_XM_001635277.3	HLH.HG4.0:HES2/HES3/HES5/HE...	Mmus_ENSMUST00000023171	HES1	M01726_2.00
Nvec_vc1.1_XM_032384889.2	HLH.HG4.0:HES2/HES3/HES5/HE...	Mmus_ENSMUST00000023171	HES1	M01726_2.00
Nvec_vc1.1_XM_001635275.3	HLH.HG4.0:HES2/HES3/HES5/HE...	Mmus_ENSMUST00000023171	HES1	M01726_2.00
Nvec_vc1.1_XM_001635276.3	HLH.HG4.0:HES2/HES3/HES5/HE...	Mmus_ENSMUST00000023171	HES1	M01726_2.00
Nvec_vc1.1_XM_048724796.1	HLH.HG4.0:HES2/HES3/HES5/HE...	Mmus_ENSMUST00000023171	HES1	M01726_2.00
Nvec_vc1.1_XM_001635316.3	HLH.HG4.0:HES2/HES3/HES5/HE...	Cele_C17C3.8.1	HLH.HG4.0:HES2/HES3/HES5/HE...	M00933_2.00
Nvec_vc1.1_XM_001635315.3	HLH.HG4.0:HES2/HES3/HES5/HE...	Cele_C17C3.8.1	HLH.HG4.0:HES2/HES3/HES5/HE...	M00933_2.00
Nvec_v1g210540	HLH.HG5.8:ASCL1/ASCL2/ASCL3...	Hsap_ENST00000331289	ASCL2	M04211_2.00
Nvec_vc1.1_XM_032370984.2	HLH.HG5.8:ASCL1/ASCL2/ASCL3...	Hsap_ENST00000331289	ASCL2	M04211_2.00
Nvec_vc1.1_XM_032381869.2	HLH.HG5.8:ASCL1/ASCL2/ASCL3...	Hsap_ENST00000331289	ASCL2	M04211_2.00
Nvec_vc1.1_XM_032369367.2	ASCL3/ASCL4/ASCL5	Hsap_ENST00000331289	ASCL2	M04211_2.00
Nvec_vc1.1_XM_032372025.2	ARNTL/ARNTL2	Hsap_ENST00000673817	ARNTL	M02787_2.00
Nvec_vc1.1_XM_001629480.3	ARNT/ARNT2	Dmel_FBtr0082005	ARNT/ARNT2	M06007_2.00
Nvec_vc1.1_XM_001639692.3	CLOCK/NPAS2	Dmel_FBtr0100132	CLOCK/NPAS2	M05974_2.00
Nvec_vc1.1_XM_032375280.2	NCOA1	Dmel_FBtr0100132	CLOCK/NPAS2	M05974_2.00
Nvec_vc1.1_XM_001627049.3	BHLHE40/BHLHE41	Hsap_ENST00000242728	BHLHE41	M04106_2.00
Nvec_vc1.1_XM_032383905.2	HLH.HG7.4:like:HEY1/HEY2/HEYL	Hsap_ENST00000368364	HEY2	M04131_2.00
Nvec_vc1.1_XM_001631403.3	MLXIP/MLXIPL	Dmel_FBtr0081524	MLXIP/MLXIPL	M05989_2.00
Nvec_vc1.1_XM_032366030.2	HLH.HG8.0:MLX	Dmel_FBtr0085173	MLX	M03622_2.00
Nvec_vc1.1_XM_048724387.1	MLX	Dmel_FBtr0085173	MLX	M03622_2.00
Nvec_vc1.1_XM_032380209.2	USF1/USF2	Hsap_ENST00000368020	USF1	M09868_2.00
Nvec_vc1.1_XM_032381049.2	HLH.HG9.1:USF1/USF2	Hsap_ENST00000368020	USF1	M09868_2.00
Nvec_vc1.1_XM_001625254.3	UBTF/UBTFL1	Dmel_FBtr0301483	SSRP1	M03980_2.00
Nvec_vc1.1_XM_032373640.2	PBRM1	Dmel_FBtr0301483	SSRP1	M03980_2.00
Nvec_vc1.1_XM_048731950.1	HMGXB4	Dmel_FBtr0301483	SSRP1	M03980_2.00
Nvec_vc1.1_XM_032380131.2	SSRP1	Dmel_FBtr0301483	SSRP1	M03980_2.00
Nvec_vc1.1_XM_048730306.1	HMGbox_Sox.HG1.16:like:HMGX...	Dmel_FBtr0301483	SSRP1	M03980_2.00
Nvec_vc1.1_XM_001638852.3	HMGbox_Sox.HG1.16:like:HMGX...	Dmel_FBtr0301483	SSRP1	M03980_2.00
Nvec_vc1.1_XM_032364225.2	HMGbox_Sox.HG1.14:HMG20A/HM...	Mmus_ENSMUST00000020454	HMG20B	M02487_2.00
Nvec_vc1.1_XM_032366739.2	HMGbox_Sox.HG1.14:HMG20A/HM...	Mmus_ENSMUST00000020454	HMG20B	M02487_2.00
Nvec_vc1.1_XM_048725617.1	HMG20A/HMG20B	Mmus_ENSMUST00000020454	HMG20B	M02487_2.00
Nvec_vc1.1_XM_032381587.2	HMGbox_Sox.HG1.5:like:HMG20...	Mmus_ENSMUST00000020454	HMG20B	M02487_2.00
Nvec_vc1.1_XM_048726835.1	HMGbox_Sox.HG1.4:like:HMG20...	Mmus_ENSMUST00000020454	HMG20B	M02487_2.00
Nvec_vc1.1_XM_048734675.1	HMGbox_Sox.HG1.4:like:HMG20...	Mmus_ENSMUST00000020454	HMG20B	M02487_2.00
Nvec_vc1.1_XM_048721452.1	HMGbox_Sox.HG1.4:like:HMG20...	Mmus_ENSMUST00000020454	HMG20B	M02487_2.00
Nvec_vc1.1_XM_048732776.1	HMGbox_Sox.HG1.37:like:HMG2...	Dmel_FBtr0083949	TFAM	M11336_2.00
Nvec_vc1.1_XM_032372072.2	HMGbox_Sox.HG1.36:like:HMG2...	Dmel_FBtr0083949	TFAM	M11336_2.00
Nvec_vc1.1_XM_048727403.1	HMGbox_Sox.HG1.36:like:HMG2...	Dmel_FBtr0083949	TFAM	M11336_2.00
Nvec_vc1.1_XM_032382967.2	HMGbox_Sox.HG1.36:like:HMG2...	Dmel_FBtr0083949	TFAM	M11336_2.00
Nvec_vc1.1_XM_048732829.1	HMGbox_Sox.HG1.36:like:HMG2...	Dmel_FBtr0083949	TFAM	M11336_2.00
Nvec_vc1.1_XM_001633762.3	HMGbox_Sox.HG1.3:like:HMGB1...	Dmel_FBtr0083949	TFAM	M11336_2.00
Nvec_vc1.1_XM_001628041.3	HMGbox_Sox.HG1.21:like:HMGB...	Dmel_FBtr0083949	TFAM	M11336_2.00
Nvec_vc1.1_XM_032378152.2	SOX30	Hsap_ENST00000265007	SOX30	M05753_2.00
Nvec_vc1.1_XM_001636155.3	PINX1/SOX17/SOX18/SOX7	Mmus_ENSMUST00000079652	PINX1/SOX7	M00209_2.00
Nvec_vc1.1_XM_032385411.2	HMGbox_Sox.HG2.18:PINX1/SOX...	Mmus_ENSMUST00000079652	PINX1/SOX7	M00209_2.00
Nvec_vc1.1_XM_032384228.2	HMGbox_Sox.HG2.19:like:SOX8...	Mmus_ENSMUST00000025003	SOX8	M00197_2.00
Nvec_vc1.1_XM_001629987.3	SOX10/SOX8/SOX9	Mmus_ENSMUST00000025003	SOX8	M00197_2.00
Nvec_vc1.1_XM_032372264.2	SOX11/SOX12/SOX4	Dmel_FBtr0072157	SOX11/SOX12/SOX4	M03972_2.00
Nvec_vc1.1_XM_001639701.3	HMGbox_Sox.HG2.11:like:PINX...	Hsap_ENST00000250055	SOX15	M03510_2.00
Nvec_vc1.1_XM_032376206.2	HMGbox_Sox.HG2.11:like:PINX...	Hsap_ENST00000250055	SOX15	M03510_2.00
Nvec_vc1.1_XM_001624716.3	HMGbox_Sox.HG2.16:SOX1/SOX2...	Dmel_FBtr0330116	HMGbox_Sox.HG2.16:SOX1/SOX2...	M03983_2.00
Nvec_vc1.1_XM_001632568.3	SOX14/SOX21	Mmus_ENSMUST00000054819	SOX14	M00206_2.00
Nvec_NVE23841	SOX14/SOX21	Mmus_ENSMUST00000054819	SOX14	M00206_2.00
Nvec_vc1.1_XM_001632947.3	HMGbox_Sox.HG2.16:SOX1/SOX2...	Mmus_ENSMUST00000099151	SOX2	M08041_2.00
Nvec_vc1.1_XM_032380374.2	HMGbox_Sox.HG2.10:like:PINX...	Dmel_FBtr0330116	HMGbox_Sox.HG2.16:SOX1/SOX2...	M03983_2.00
Nvec_vc1.1_XM_032379465.2	HMGbox_Sox.HG2.9:like:PINX1...	Dmel_FBtr0330116	HMGbox_Sox.HG2.16:SOX1/SOX2...	M03983_2.00
Nvec_vc1.1_XM_032386296.2	HMGbox_Sox.HG2.9:like:PINX1...	Dmel_FBtr0330116	HMGbox_Sox.HG2.16:SOX1/SOX2...	M03983_2.00
Nvec_vc1.1_XM_032373062.2	HMGXB3	Dmel_FBtr0072157	SOX11/SOX12/SOX4	M03972_2.00
Nvec_vc1.1_XM_032376267.2	HBP1	Mmus_ENSMUST00000172314	HBP1	M00194_2.00
Nvec_vc1.1_XM_048731196.1	HLH.HG11.0:like:MITF/TFE3/T...	Mmus_ENSMUST00000169266	CIC	M00195_2.00
Nvec_vc1.1_XM_001627423.3	BBX/CIC	Hsap_ENST00000325805	BBX	M05763_2.00
Nvec_vc1.1_XM_032371996.2	LEF1/TCF7/TCF7L1/TCF7L2	Mmus_ENSMUST00000109071	TCF7	M03532_2.00
Nvec_vc1.1_XM_001634768.3	Homeodomains.HG1.23:like:DU...	Drer_ENSDART00000163579	Homeodomains.HG1.49:like:UNCX	M02082_2.00
Nvec_vc1.1_XM_001623946.3	Homeodomains.HG1.23:like:DU...	Drer_ENSDART00000163579	Homeodomains.HG1.49:like:UNCX	M02082_2.00
Nvec_vc1.1_XM_032365212.2	Homeodomains.HG1.3:like:ALX...	Hsap_ENST00000555633	RAX2	M03214_2.00
Nvec_vc1.1_XM_048728392.1	Homeodomains.HG1.0:like:ALX...	Hsap_ENST00000555633	RAX2	M03214_2.00
Nvec_vc1.1_XM_048733538.1	Homeodomains.HG1.0:like:ALX...	Hsap_ENST00000555633	RAX2	M03214_2.00
Nvec_vc1.1_XM_001634160.3	RAX/RAX2	Hsap_ENST00000555633	RAX2	M03214_2.00
Nvec_vc1.1_XM_001634116.3	Homeodomains.HG1.13:like:AL...	Dmel_FBtr0071556	Homeodomains.HG1.13:like:AL...	M03813_2.00
Nvec_vc1.1_XM_032383560.2	OTP	Dmel_FBtr0342800	OTP	M06310_2.00
Nvec_vc1.1_XM_001636859.3	Homeodomains.HG1.50:like:UNCX	Drer_ENSDART00000163579	Homeodomains.HG1.49:like:UNCX	M02082_2.00
Nvec_vc1.1_XM_001627544.3	UNCX	Hsap_ENST00000316333	UNCX	M03191_2.00
Nvec_vc1.1_XM_001636862.3	Homeodomains.HG1.47:like:AL...	Dmel_FBtr0078070	Homeodomains.HG1.46:like:AL...	M06322_2.00
Nvec_vc1.1_XM_001634956.3	Homeodomains.HG1.54:like:DR...	Dmel_FBtr0343221	Homeodomains.HG1.54:like:DR...	M05873_2.00
Nvec_vc1.1_XM_001639164.3	Homeodomains.HG1.59:like:DRGX	Dmel_FBtr0071224	Homeodomains.HG1.56:like:DRGX	M06531_2.00
Nvec_vc1.1_XM_032371032.2	Homeodomains.HG1.43:like:AL...	Hsap_ENST00000374139	DRGX	M03199_2.00
Nvec_vc1.1_XM_032379723.2	ALX1/ALX3/ALX4	Hsap_ENST00000652299	ALX4	M03079_2.00
Nvec_vc1.1_XM_001631375.3	Homeodomains.HG1.15:like:AL...	Dmel_FBtr0083564	Homeodomains.HG1.15:like:AL...	M03828_2.00
Nvec_vc1.1_XM_048727075.1	Homeodomains.HG1.5:like:DUX...	Hsap_ENST00000555633	RAX2	M03214_2.00
Nvec_vc1.1_XM_032376939.2	Homeodomains.HG1.4:like:DUX...	Hsap_ENST00000555633	RAX2	M03214_2.00
Nvec_vc1.1_XM_001632929.3	Homeodomains.HG1.9:ESX1/PRO...	Dmel_FBtr0112592	SHOX/SHOX2	M03876_2.00
Nvec_vc1.1_XM_001635015.3	PROP1	Dmel_FBtr0340420	Homeodomains.HG1.9:ESX1/PRO...	M06371_2.00
Nvec_vc1.1_XM_001633995.3	IRX4	Mmus_ENSMUST00000022095	IRX4	M00416_2.00
Nvec_vc1.1_XM_001641552.3	Homeodomains.HG11.6:like:MS...	Dmel_FBtr0083968	Homeodomains.HG11.6:like:MS...	M02125_2.00
Nvec_vc1.1_XM_032367023.2	Homeodomains.HG11.6:like:MS...	Dmel_FBtr0083968	Homeodomains.HG11.6:like:MS...	M02125_2.00
Nvec_vc1.1_XM_032366210.2	MSX1/MSX2	Dmel_FBtr0085441	Homeodomains.HG11.3:MSX1/MSX2	M06230_2.00
Nvec_vc1.1_XM_032383681.2	Homeodomains.HG11.2:MNX1	Dmel_FBtr0085090	Homeodomains.HG11.2:MNX1	M06495_2.00
Nvec_vc1.1_XM_032383693.2	MNX1	Hsap_ENST00000252971	MNX1	M03143_2.00
Nvec_vc1.1_XM_032374041.2	Homeodomains.HG13.0:LHX6/LH...	Dmel_FBtr0330070	Homeodomains.HG13.0:LHX6/LH...	M06304_2.00
Nvec_vc1.1_XM_001635374.3	PBX1/PBX2/PBX3/PBX4	Mmus_ENSMUST00000176540	PBX1	M00513_2.00
Nvec_vc1.1_XM_001647471.3	Homeodomains.HG15.0:DPRX/DU...	Dmel_FBtr0474137	Homeodomains.HG15.1:like:AR...	M03808_2.00
Nvec_vc1.1_XM_032375635.2	Homeodomains.HG15.0:DPRX/DU...	Dmel_FBtr0474137	Homeodomains.HG15.1:like:AR...	M03808_2.00
Nvec_vc1.1_XM_001647488.3	Homeodomains.HG15.0:DPRX/DU...	Dmel_FBtr0474137	Homeodomains.HG15.1:like:AR...	M03808_2.00
Nvec_vc1.1_XM_032387414.2	DUX4/DUXB	Hsap_ENST00000565211	DUX4	M08135_2.00
Nvec_vc1.1_XM_048729604.1	DUX4/DUXB	Hsap_ENST00000565211	DUX4	M08135_2.00
Nvec_vc1.1_XM_048720182.1	DUX4/DUXB	Hsap_ENST00000565211	DUX4	M08135_2.00
Nvec_vc1.1_XM_048728361.1	DUX4/DUXB	Hsap_ENST00000565211	DUX4	M08135_2.00
Nvec_vc1.1_XM_032387408.2	DUX4/DUXB	Hsap_ENST00000565211	DUX4	M08135_2.00
Nvec_vc1.1_XM_048728436.1	DUX4/DUXB	Hsap_ENST00000565211	DUX4	M08135_2.00
Nvec_vc1.1_XM_048728521.1	DUX4/DUXB	Hsap_ENST00000565211	DUX4	M08135_2.00
Nvec_vc1.1_XM_048725701.1	DUX4/DUXB	Hsap_ENST00000565211	DUX4	M08135_2.00
Nvec_vc1.1_XM_048729175.1	DUX4/DUXB	Hsap_ENST00000565211	DUX4	M08135_2.00
Nvec_vc1.1_XM_032387407.2	DUX4/DUXB	Hsap_ENST00000565211	DUX4	M08135_2.00
Nvec_vc1.1_XM_048728452.1	DUX4/DUXB	Hsap_ENST00000565211	DUX4	M08135_2.00
Nvec_vc1.1_XM_048728429.1	DUX4/DUXB	Hsap_ENST00000565211	DUX4	M08135_2.00
Nvec_vc1.1_XM_048729380.1	DUX4/DUXB	Hsap_ENST00000565211	DUX4	M08135_2.00
Nvec_vc1.1_XM_048728362.1	DUX4/DUXB	Hsap_ENST00000565211	DUX4	M08135_2.00
Nvec_vc1.1_XM_032371469.2	SATB1/SATB2	Mmus_ENSMUST00000056006	ONECUT1	M09026_2.00
Nvec_vc1.1_XM_032386992.2	ONECUT1/ONECUT2/ONECUT3	Mmus_ENSMUST00000056006	ONECUT1	M09026_2.00
Nvec_vc1.1_XM_032366979.2	HLX	Mmus_ENSMUST00000048572	HLX	M00485_2.00
Nvec_vc1.1_XM_032383925.2	HLX	Mmus_ENSMUST00000048572	HLX	M00485_2.00
Nvec_vc1.1_XM_032362346.2	HLX	Mmus_ENSMUST00000048572	HLX	M00485_2.00
Nvec_vc1.1_XM_001641032.3	Homeodomains.HG17.0:like:DB...	Dmel_FBtr0079227	HLX	M06489_2.00
Nvec_vc1.1_XM_032366665.2	Homeodomains.HG17.0:like:DB...	Dmel_FBtr0079227	HLX	M06489_2.00
Nvec_vc1.1_XM_032363350.2	Homeodomains.HG18.2:like:DL...	Hsap_ENST00000434704	DLX3	M03081_2.00
Nvec_vc1.1_XM_048724802.1	Homeodomains.HG19.0:EN1/EN2	Dmel_FBtr0088095	Homeodomains.HG19.0:EN1/EN2	M06239_2.00
Nvec_vc1.1_XM_001625768.3	Homeodomains.HG19.0:EN1/EN2	Mmus_ENSMUST00000184016	Homeodomains.HG19.0:EN1/EN2	M00533_2.00
Nvec_vc1.1_XM_048733551.1	Homeodomains.HG19.0:EN1/EN2	Mmus_ENSMUST00000184016	Homeodomains.HG19.0:EN1/EN2	M00533_2.00
Nvec_vc1.1_XM_048727718.1	Homeodomains.HG19.0:EN1/EN2	Mmus_ENSMUST00000184016	Homeodomains.HG19.0:EN1/EN2	M00533_2.00
Nvec_vc1.1_XM_048724840.1	Homeodomains.HG19.0:EN1/EN2	Hsap_ENST00000295206	EN1	M03181_2.00
Nvec_vc1.1_XM_032380001.2	Homeodomains.HG2.1:like:BAR...	Mmus_ENSMUST00000088311	GBX1	M00525_2.00
Nvec_vc1.1_XM_032381099.2	Homeodomains.HG2.1:like:BAR...	Mmus_ENSMUST00000088311	GBX1	M00525_2.00
Nvec_vc1.1_XM_032370013.2	Homeodomains.HG2.18:like:BA...	Dmel_FBtr0082941	Homeodomains.HG2.18:like:BA...	M06324_2.00
Nvec_vc1.1_XM_032370011.2	Homeodomains.HG2.19:NKX6-1/...	Dmel_FBtr0075720	Homeodomains.HG2.19:NKX6-1/...	M06361_2.00
Nvec_vc1.1_XM_032366211.2	Homeodomains.HG2.14:HMX1/HM...	Hsap_ENST00000357878	HMX3	M03233_2.00
Nvec_vc1.1_XM_032363874.2	Homeodomains.HG2.31:like:NA...	Hsap_ENST00000229307	NANOG/NANOGP8	M05017_2.00
Nvec_vc1.1_XM_048730743.1	Homeodomains.HG2.31:like:NA...	Hsap_ENST00000229307	NANOG/NANOGP8	M05017_2.00
Nvec_vc1.1_XM_032378779.2	Homeodomains.HG2.31:like:NA...	Hsap_ENST00000229307	NANOG/NANOGP8	M05017_2.00
Nvec_vc1.1_XM_032378769.2	Homeodomains.HG2.31:like:NA...	Hsap_ENST00000229307	NANOG/NANOGP8	M05017_2.00
Nvec_vc1.1_XM_048724756.1	Homeodomains.HG2.31:like:NA...	Hsap_ENST00000229307	NANOG/NANOGP8	M05017_2.00
Nvec_vc1.1_XM_032363920.2	Homeodomains.HG2.31:like:NA...	Hsap_ENST00000229307	NANOG/NANOGP8	M05017_2.00
Nvec_vc1.1_XM_048728853.1	Homeodomains.HG2.30:like:NA...	Hsap_ENST00000229307	NANOG/NANOGP8	M05017_2.00
Nvec_vc1.1_XM_032371859.2	Homeodomains.HG2.16:like:BA...	Dmel_FBtr0342701	Homeodomains.HG2.16:like:BA...	M06349_2.00
Nvec_vc1.1_XM_032383948.2	GBX1/GBX2	Dmel_FBtr0088586	GBX1/GBX2	M06312_2.00
Nvec_vc1.1_XM_032379688.2	Homeodomains.HG2.24:like:GB...	Dmel_FBtr0088586	GBX1/GBX2	M06312_2.00
Nvec_vc1.1_XM_032384965.2	Homeodomains.HG2.24:like:GB...	Dmel_FBtr0088586	GBX1/GBX2	M06312_2.00
Nvec_vc1.1_XM_032385045.2	BARX1/BARX2	Mmus_ENSMUST00000116615	BARX2	M00457_2.00
Nvec_vc1.1_XM_032374864.2	Homeodomains.HG2.12:BARX1/B...	Mmus_ENSMUST00000116615	BARX2	M00457_2.00
Nvec_vc1.1_XM_032364605.2	Homeodomains.HG2.12:BARX1/B...	Mmus_ENSMUST00000116615	BARX2	M00457_2.00
Nvec_vc1.1_XM_032374853.2	Homeodomains.HG2.12:BARX1/B...	Mmus_ENSMUST00000116615	BARX2	M00457_2.00
Nvec_vc1.1_XM_048731755.1	Homeodomains.HG2.7:like:BAR...	Mmus_ENSMUST00000088311	GBX1	M00525_2.00
Nvec_vc1.1_XM_032378000.2	Homeodomains.HG2.4:like:BAR...	Mmus_ENSMUST00000088311	GBX1	M00525_2.00
Nvec_vc1.1_XM_032372904.2	Homeodomains.HG2.4:like:BAR...	Mmus_ENSMUST00000088311	GBX1	M00525_2.00
Nvec_vc1.1_XM_032372903.2	Homeodomains.HG2.4:like:BAR...	Mmus_ENSMUST00000088311	GBX1	M00525_2.00
Nvec_vc1.1_XM_032383663.2	Homeodomains.HG2.4:like:BAR...	Mmus_ENSMUST00000088311	GBX1	M00525_2.00
Nvec_vc1.1_XM_001641660.3	Homeodomains.HG21.3:PITX1/P...	Mmus_ENSMUST00000054147	Homeodomains.HG21.3:PITX1/P...	M02100_2.00
Nvec_NVE7697	Homeodomains.HG21.0:like:PI...	Hsap_ENST00000370002	PITX3	M04997_2.00
Nvec_vc1.1_XM_001634715.3	Homeodomains.HG22.5:LBX1/LBX2	Hsap_ENST00000370193	LBX1	M02090_2.00
Nvec_vc1.1_XM_032362713.2	ISL1/ISL2	Dmel_FBtr0081111	Homeodomains.HG23.2:ISL1/ISL2	M06272_2.00
Nvec_vc1.1_XM_001631673.3	LHX1/LHX5	Mmus_ENSMUST00000018842	LHX1	M00405_2.00
Nvec_vc1.1_XM_048731858.1	Homeodomains.HG25.2:like:LH...	Dmel_FBtr0329940	LHX3/LHX4	M06259_2.00
Nvec_vc1.1_XM_032387312.2	Homeodomains.HG26.10:like:V...	Hsap_ENST00000261980	VSX2	M05041_2.00
Nvec_vc1.1_XM_001631173.3	Homeodomains.HG26.7:like:VS...	Hsap_ENST00000261980	VSX2	M05041_2.00
Nvec_vc1.1_XM_032364121.2	Homeodomains.HG27.2:NKX1-1/...	Dmel_FBtr0330389	Homeodomains.HG27.2:NKX1-1/...	M06263_2.00
Nvec_vc1.1_XM_001640781.3	NKX1-1/NKX1-2	Mmus_ENSMUST00000173348	NKX1-1	M00442_2.00
Nvec_vc1.1_XM_032363992.2	POU4F1/POU4F2/POU4F3	Hsap_ENST00000377208	POU4F1	M05471_2.00
Nvec_vc1.1_XM_032383695.2	EVX1/EVX2	Cele_R06F6.6.1	Homeodomains.HG29.0:like:EV...	M02187_2.00
Nvec_vc1.1_XM_048727305.1	Homeodomains.HG3.6:like:PAX...	Cele_F21D12.5.1	Homeodomains.HG3.2:like:PAX...	M02427_2.00
Nvec_vc1.1_XM_001628635.3	Homeodomains.HG3.5:PAX1/PAX...	Hsap_ENST00000375375	PAX7	M05417_2.00
Nvec_vc1.1_XM_001628634.3	Homeodomains.HG3.5:PAX1/PAX...	Hsap_ENST00000375375	PAX7	M05417_2.00
Nvec_vc1.1_XM_001624560.3	Homeodomains.HG3.5:PAX1/PAX...	Hsap_ENST00000375375	PAX7	M05417_2.00
Nvec_vc1.1_XM_048727543.1	Homeodomains.HG3.5:PAX1/PAX...	Hsap_ENST00000375375	PAX7	M05417_2.00
Nvec_vc1.1_XM_001631763.3	Homeodomains.HG3.5:PAX1/PAX...	Dmel_FBtr0075979	Homeodomains.HG3.5:PAX1/PAX...	M03887_2.00
Nvec_vc1.1_XM_032379347.2	Homeodomains.HG3.5:PAX1/PAX...	Dmel_FBtr0075979	Homeodomains.HG3.5:PAX1/PAX...	M03887_2.00
Nvec_vc1.1_XM_001639101.3	PAX2/PAX5/PAX8	Dmel_FBtr0089327	Homeodomains.HG3.5:PAX1/PAX...	M03949_2.00
Nvec_vc1.1_XM_001630676.3	Homeodomains.HG30.2:DMBX1	Mmus_ENSMUST00000108513	Homeodomains.HG30.2:DMBX1	M00490_2.00
Nvec_vc1.1_XM_048733519.1	Homeodomains.HG30.2:DMBX1	Mmus_ENSMUST00000108513	Homeodomains.HG30.2:DMBX1	M00490_2.00
Nvec_vc1.1_XM_032379400.2	Homeodomains.HG30.2:DMBX1	Mmus_ENSMUST00000108513	Homeodomains.HG30.2:DMBX1	M00490_2.00
Nvec_vc1.1_XM_032379394.2	Homeodomains.HG30.2:DMBX1	Mmus_ENSMUST00000108513	Homeodomains.HG30.2:DMBX1	M00490_2.00
Nvec_vc1.1_XM_032379348.2	Homeodomains.HG30.2:DMBX1	Mmus_ENSMUST00000108513	Homeodomains.HG30.2:DMBX1	M00490_2.00
Nvec_vc1.1_XM_032379398.2	Homeodomains.HG30.2:DMBX1	Mmus_ENSMUST00000108513	Homeodomains.HG30.2:DMBX1	M00490_2.00
Nvec_vc1.1_XM_048727956.1	Homeodomains.HG30.1:like:DMBX1	Mmus_ENSMUST00000084338	DMBX1	M00441_2.00
Nvec_vc1.1_XM_001625754.3	Homeodomains.HG30.0:like:DMBX1	Mmus_ENSMUST00000084338	DMBX1	M00441_2.00
Nvec_vc1.1_XM_048731137.1	Homeodomains.HG31.2:like:LM...	Mmus_ENSMUST00000041730	LMX1B	M00482_2.00
Nvec_vc1.1_XM_032384949.2	LHX2/LHX9	Hsap_ENST00000446480	LHX2	M03107_2.00
Nvec_vc1.1_XM_001634202.3	HOXA1/HOXB1/HOXD1	Hsap_ENST00000239174	HOXB1	M05057_2.00
Nvec_vc1.1_XM_001625898.3	Homeodomains.HG37.0:MEOX1/M...	Dmel_FBtr0084278	MEOX1/MEOX2/VENTX	M06308_2.00
Nvec_vc1.1_XM_032373496.2	Homeodomains.HG37.0:MEOX1/M...	Dmel_FBtr0084278	MEOX1/MEOX2/VENTX	M06308_2.00
Nvec_vc1.1_XM_032373497.2	Homeodomains.HG37.0:MEOX1/M...	Dmel_FBtr0084278	MEOX1/MEOX2/VENTX	M06308_2.00
Nvec_vc1.1_XM_001625899.3	Homeodomains.HG37.0:MEOX1/M...	Dmel_FBtr0084278	MEOX1/MEOX2/VENTX	M06308_2.00
Nvec_vc1.1_XM_032364784.2	HHEX	Cele_M6.3.1	Homeodomains.HG38.1:HHEX	M02184_2.00
Nvec_vc1.1_XM_032362396.2	Homeodomains.HG4.7:like:GSX...	Hsap_ENST00000311626	HOXB3	M03126_2.00
Nvec_vc1.1_XM_001634198.3	HOXA2/HOXB2	Hsap_ENST00000222718	HOXA2	M04966_2.00
Nvec_vc1.1_XM_001634199.3	HOXA2/HOXB2	Hsap_ENST00000222718	HOXA2	M04966_2.00
Nvec_vc1.1_XM_032383677.2	HOXA2/HOXB2	Hsap_ENST00000222718	HOXA2	M04966_2.00
Nvec_vc1.1_XM_032362307.2	Homeodomains.HG4.2:like:AC0...	Hsap_ENST00000311626	HOXB3	M03126_2.00
Nvec_vc1.1_XM_001641575.3	AC012531.3/HOXA4/HOXA5/HOXA...	Dmel_FBtr0474171	AC012531.3/HOXA5/HOXB5/HOXC5	M06267_2.00
Nvec_vc1.1_XM_032366733.2	AC012531.3/HOXA4/HOXA5/HOXA...	Dmel_FBtr0474171	AC012531.3/HOXA5/HOXB5/HOXC5	M06267_2.00
Nvec_vc1.1_XM_032367075.2	Homeodomains.HG4.8:like:GSX...	Hsap_ENST00000311626	HOXB3	M03126_2.00
Nvec_vc1.1_XM_001637733.3	GSX1/GSX2	Mmus_ENSMUST00000114434	HOXA3	M00172_2.00
Nvec_vc1.1_XM_032373099.2	POU3F1/POU3F2/POU3F3/POU3F4	Mmus_ENSMUST00000053491	POU3F1	M09227_2.00
Nvec_vc1.1_XM_032385556.2	Homeodomains.HG5.5:POU3F1/P...	Mmus_ENSMUST00000053491	POU3F1	M09227_2.00
Nvec_vc1.1_XM_032379457.2	POU1F1	Hsap_ENST00000344265	POU1F1	M05455_2.00
Nvec_vc1.1_XM_001636163.3	Homeodomains.HG5.6:like:POU...	Hsap_ENST00000518318	POU6F2	M03305_2.00
Nvec_vc1.1_XM_048725765.1	Homeodomains.HG5.9:POU6F1/P...	Dmel_FBtr0071775	Homeodomains.HG5.9:POU6F1/P...	M02122_2.00
Nvec_vc1.1_XM_001634946.3	Homeodomains.HG6.7:like:SIX...	Hsap_ENST00000645694	SIX1	M05096_2.00
Nvec_vc1.1_XM_001626384.3	Homeodomains.HG6.11:like:SI...	Hsap_ENST00000645694	SIX1	M05096_2.00
Nvec_vc1.1_XM_001625109.3	Homeodomains.HG6.10:SIX3/SIX6	Hsap_ENST00000260653	SIX3	M05159_2.00
Nvec_vc1.1_XM_001625457.2	SIX4/SIX5	Dmel_FBtr0078274	SIX4/SIX5	M06530_2.00
Nvec_vc1.1_XM_001623084.3	SIX4/SIX5	Dmel_FBtr0078274	SIX4/SIX5	M06530_2.00
Nvec_vc1.1_XM_001633541.3	ANHX	Hsap_ENST00000545940	ANHX	M02096_2.00
Nvec_vc1.1_XM_032362379.2	Homeodomains.HG7.5:NKX2-1/N...	Hsap_ENST00000377142	NKX2-2	M10681_2.00
Nvec_vc1.1_XM_032373617.2	Homeodomains.HG7.5:NKX2-1/N...	Hsap_ENST00000377142	NKX2-2	M10681_2.00
Nvec_vc1.1_XM_001625998.3	Homeodomains.HG7.5:NKX2-1/N...	Hsap_ENST00000377142	NKX2-2	M10681_2.00
Nvec_vc1.1_XM_001625997.3	Homeodomains.HG7.5:NKX2-1/N...	Hsap_ENST00000377142	NKX2-2	M10681_2.00
Nvec_vc1.1_XM_032373618.2	Homeodomains.HG7.5:NKX2-1/N...	Hsap_ENST00000377142	NKX2-2	M10681_2.00
Nvec_vc1.1_XM_048723265.1	Homeodomains.HG7.4:like:NKX...	Mmus_ENSMUST00000012540	Homeodomains.HG7.4:like:NKX...	M09176_2.00
Nvec_vc1.1_XM_001632368.2	NKX2-3/NKX2-5/NKX2-6	Cele_K03A11.3.1	NKX2-3/NKX2-5/NKX2-6	M08210_2.00
Nvec_vc1.1_XM_001632367.3	NKX3-1/NKX3-2	Hsap_ENST00000382438	NKX3-2	M05014_2.00
Nvec_vc1.1_XM_032385169.2	Homeodomains.HG7.6:like:NKX...	Cele_Y80D3A.3.1	Homeodomains.HG7.6:like:NKX...	M00678_2.00
Nvec_vc1.1_XM_001628481.3	Homeodomains.HG7.6:like:NKX...	Cele_Y80D3A.3.1	Homeodomains.HG7.6:like:NKX...	M00678_2.00
Nvec_vc1.1_XM_032382395.2	TGIF1/TGIF2/TGIF2-RAB5IF	Mmus_ENSMUST00000166395	TGIF1	M00500_2.00
Nvec_vc1.1_XM_032376608.2	MEIS1/MEIS2/MEIS3	Dmel_FBtr0082255	Homeodomains.HG8.3:MEIS1/ME...	M06252_2.00
Nvec_vc1.1_XM_032380190.2	PKNOX1/PKNOX2	Mmus_ENSMUST00000097352	PKNOX1	M00399_2.00
Nvec_vc1.1_XM_032364773.2	Homeodomains.HG9.9:like:NOTO	Dmel_FBtr0083571	Homeodomains.HG9.9:like:NOTO	M06354_2.00
Nvec_vc1.1_XM_032366609.2	Homeodomains.HG9.9:like:NOTO	Dmel_FBtr0083571	Homeodomains.HG9.9:like:NOTO	M06354_2.00
Nvec_vc1.1_XM_032366836.2	Homeodomains.HG9.9:like:NOTO	Dmel_FBtr0083571	Homeodomains.HG9.9:like:NOTO	M06354_2.00
Nvec_vc1.1_XM_032377135.2	Homeodomains.HG9.9:like:NOTO	Dmel_FBtr0083571	Homeodomains.HG9.9:like:NOTO	M06354_2.00
Nvec_vc1.1_XM_001641264.3	Homeodomains.HG9.9:like:NOTO	Dmel_FBtr0083571	Homeodomains.HG9.9:like:NOTO	M06354_2.00
Nvec_vc1.1_XM_001630519.3	Homeodomains.HG9.9:like:NOTO	Dmel_FBtr0083571	Homeodomains.HG9.9:like:NOTO	M06354_2.00
Nvec_vc1.1_XM_032377390.2	VAX1/VAX2	Mmus_ENSMUST00000172821	VAX1	M00398_2.00
Nvec_vc1.1_XM_032375107.2	EMX1/EMX2	Mmus_ENSMUST00000062216	EMX2	M00495_2.00
Nvec_vc1.1_XM_032366085.2	EMX1/EMX2	Mmus_ENSMUST00000062216	EMX2	M00495_2.00
Nvec_vc1.1_XM_032377358.2	Homeodomains.HG9.10:like:EM...	Mmus_ENSMUST00000062216	EMX2	M00495_2.00
Nvec_vc1.1_XM_001633014.3	HSF5	Hsap_ENST00000323777	HSF5	M05519_2.00
Nvec_vc1.1_XM_001625118.3	HSF.HG1.5:like:HSF1/HSF2/HS...	Hsap_ENST00000323777	HSF5	M05519_2.00
Nvec_vc1.1_XM_032364329.2	HSF1/HSF2/HSF4	Mmus_ENSMUST00000228371	HSF1	M09232_2.00
Nvec_vc1.1_XM_048720727.1	IRF.HG1.1:IRF1/IRF2/IRF3/IR...	Hsap_ENST00000380956	IRF4	M09235_2.00
Nvec_vc1.1_XM_032364373.2	IRF.HG1.1:IRF1/IRF2/IRF3/IR...	Hsap_ENST00000380956	IRF4	M09235_2.00
Nvec_vc1.1_XM_032361976.2	IRF1/IRF2	Mmus_ENSMUST00000019043	IRF1	M09242_2.00
Nvec_vc1.1_XM_001637508.3	IRF1/IRF2	Mmus_ENSMUST00000019043	IRF1	M09242_2.00
Nvec_vc1.1_XM_001622271.3	IRF1/IRF2	Mmus_ENSMUST00000019043	IRF1	M09242_2.00
Nvec_vc1.1_XM_001633484.3	LAG1_CSL.HG1.1:RBPJ/RBPJL	Dmel_FBtr0080700	RBPJ	M08455_2.00
Nvec_vc1.1_XM_032377792.2	BORCS8-MEF2B/MEF2A/MEF2B/ME...	Hsap_ENST00000340208	MEF2C	M05551_2.00
Nvec_vc1.1_XM_032362959.2	MADS-box_SRF.HG2.0:like:SRF	Hsap_ENST00000265354	SRF	M10951_2.00
Nvec_vc1.1_XM_001635041.3	SRF	Hsap_ENST00000265354	SRF	M10951_2.00
Nvec_vc1.1_XM_048724172.1	MBD.HG1.3:BAZ2A/BAZ2B	Dmel_FBtr0112777	SETDB1/SETDB2	M03917_2.00
Nvec_vc1.1_XM_048728542.1	SETDB1/SETDB2	Dmel_FBtr0112777	SETDB1/SETDB2	M03917_2.00
Nvec_vc1.1_XM_001638061.3	MECP2	Hsap_ENST00000453960	MECP2	M09257_2.00
Nvec_vc1.1_XM_048732404.1	MECP2	Hsap_ENST00000453960	MECP2	M09257_2.00
Nvec_vc1.1_XM_048732406.1	MECP2	Hsap_ENST00000453960	MECP2	M09257_2.00
Nvec_vc1.1_XM_032374310.2	MBD2/MBD3	Mmus_ENSMUST00000074058	MBD2	M09258_2.00
Nvec_vc1.1_XM_048727600.1	Myb.HG1.59:NA	Dmel_FBtr0080873	Myb.HG1.59:NA	M06395_2.00
Nvec_vc1.1_XM_001625437.3	Myb.HG1.42:NA	Dmel_FBtr0088119	Myb.HG1.82:NA	M06396_2.00
Nvec_vc1.1_XM_048726087.1	Myb.HG1.87:NA	Cele_T07C12.11.1	Myb.HG1.75:NA	M00683_2.00
Nvec_vc1.1_XM_032372575.2	Myb.HG1.85:NA	Dmel_FBtr0080873	Myb.HG1.59:NA	M06395_2.00
Nvec_vc1.1_XM_001630333.3	CDC5L	Hsap_ENST00000371477	CDC5L	M11049_2.00
Nvec_vc1.1_XM_032375153.2	Myb.HG2.11:like:HSPA14/MSAN...	Hsap_ENST00000328086	ZKSCAN2	M07562_2.00
Nvec_vc1.1_XM_048722688.1	Myb.HG2.11:like:HSPA14/MSAN...	Hsap_ENST00000328086	ZKSCAN2	M07562_2.00
Nvec_vc1.1_XM_048732095.1	Myb.HG2.3:like:HSPA14/MSANT...	Hsap_ENST00000328086	ZKSCAN2	M07562_2.00
Nvec_vc1.1_XM_032376092.2	Myb.HG2.3:like:HSPA14/MSANT...	Hsap_ENST00000328086	ZKSCAN2	M07562_2.00
Nvec_vc1.1_XM_001639002.3	Myb.HG2.3:like:HSPA14/MSANT...	Hsap_ENST00000328086	ZKSCAN2	M07562_2.00
Nvec_vc1.1_XM_048721609.1	Myb.HG2.3:like:HSPA14/MSANT...	Hsap_ENST00000328086	ZKSCAN2	M07562_2.00
Nvec_vc1.1_XM_032378442.2	Myb.HG2.3:like:HSPA14/MSANT...	Hsap_ENST00000328086	ZKSCAN2	M07562_2.00
Nvec_vc1.1_XM_048733498.1	Myb.HG2.3:like:HSPA14/MSANT...	Hsap_ENST00000328086	ZKSCAN2	M07562_2.00
Nvec_vc1.1_XM_048722810.1	Myb.HG2.3:like:HSPA14/MSANT...	Hsap_ENST00000328086	ZKSCAN2	M07562_2.00
Nvec_vc1.1_XM_048730780.1	Myb.HG3.19:like:FSBP/MSANTD3	Hsap_ENST00000395067	MSANTD3	M01259_2.00
Nvec_vc1.1_XM_048730926.1	Myb.HG3.19:like:FSBP/MSANTD3	Hsap_ENST00000395067	MSANTD3	M01259_2.00
Nvec_vc1.1_XM_048733733.1	Myb.HG3.19:like:FSBP/MSANTD3	Hsap_ENST00000395067	MSANTD3	M01259_2.00
Nvec_vc1.1_XM_048725947.1	Myb.HG3.19:like:FSBP/MSANTD3	Hsap_ENST00000395067	MSANTD3	M01259_2.00
Nvec_vc1.1_XM_032382185.2	Myb.HG5.14:like:MYB/MYBL1/M...	Cele_F32H2.1a.1	Myb.HG5.15:SNAPC4	M08151_2.00
Nvec_vc1.1_XM_048733743.1	Myb.HG5.0:like:MYB/MYBL1/MY...	Mmus_ENSMUST00000068421	TERF2	M02323_2.00
Nvec_vc1.1_XM_001637502.3	Myb.HG5.0:like:MYB/MYBL1/MY...	Mmus_ENSMUST00000068421	TERF2	M02323_2.00
Nvec_vc1.1_XM_048727677.1	Myb.HG5.0:like:MYB/MYBL1/MY...	Mmus_ENSMUST00000068421	TERF2	M02323_2.00
Nvec_vc1.1_XM_032364281.2	Myb.HG5.0:like:MYB/MYBL1/MY...	Mmus_ENSMUST00000068421	TERF2	M02323_2.00
Nvec_vc1.1_XM_001630974.3	Myb.HG5.0:like:MYB/MYBL1/MY...	Mmus_ENSMUST00000068421	TERF2	M02323_2.00
Nvec_vc1.1_XM_032361813.2	Myb.HG5.0:like:MYB/MYBL1/MY...	Mmus_ENSMUST00000068421	TERF2	M02323_2.00
Nvec_vc1.1_XM_032366797.2	Myb.HG5.3:like:TERF2	Mmus_ENSMUST00000068421	TERF2	M02323_2.00
Nvec_vc1.1_XM_048725593.1	MYB/MYBL1/MYBL2	Dmel_FBtr0074169	MYB/MYBL1/MYBL2	M03919_2.00
Nvec_vc1.1_XM_032384789.2	MYRF/MYRFL	Drer_ENSDART00000124749	MYRF	M02384_2.00
Nvec_vc1.1_XM_048723524.1	NFX1	Dmel_FBtr0080705	NFX1	M03922_2.00
Nvec_vc1.1_XM_001640726.3	NFYA	Hsap_ENST00000341376	NFYA	M08104_2.00
Nvec_vc1.1_XM_048726314.1	NFYB_NFYC.HG3.4:NFYC	Hsap_ENST00000308733	NFYC	M09442_2.00
Nvec_vc1.1_XM_001634554.3	POLE4	Hsap_ENST00000308733	NFYC	M09442_2.00
Nvec_vc1.1_XM_032363059.2	CHRAC1	Hsap_ENST00000308733	NFYC	M09442_2.00
Nvec_vc1.1_XM_032363951.2	NFYB	Hsap_ENST00000551446	NFYB	M08178_2.00
Nvec_vc1.1_XM_001629320.3	POLE3	Dmel_FBtr0100268	POLE3	M04007_2.00
Nvec_vc1.1_XM_001625700.3	NRF1	Hsap_ENST00000311967	NRF1	M03580_2.00
Nvec_vc1.1_XM_032377883.2	P53.HG1.5:like:TP53/TP63/TP73	Hsap_ENST00000635293	TP53	M11197_2.00
Nvec_vc1.1_XM_032382719.2	P53.HG1.6:like:TP53/TP63/TP73	Hsap_ENST00000635293	TP53	M11197_2.00
Nvec_vc1.1_XM_032383979.2	TP53/TP63/TP73	Hsap_ENST00000635293	TP53	M11197_2.00
Nvec_vc1.1_XM_001628892.3	Pipsqueak.HG1.30:NA	Dmel_FBtr0330058	Pipsqueak.HG1.40:NA	M03950_2.00
Nvec_vc1.1_XM_032380334.2	RFX.HG1.8:RFX4/RFX6	Mmus_ENSMUST00000122922	RFX6	M09365_2.00
Nvec_vc1.1_XM_032365096.2	RFX6	Mmus_ENSMUST00000122922	RFX6	M09365_2.00
Nvec_vc1.1_XM_032375228.2	RFX.HG1.8:RFX4/RFX6	Mmus_ENSMUST00000060397	RFX4	M00186_2.00
Nvec_vc1.1_XM_032385647.2	RFX.HG1.7:RFX1/RFX2/RFX3	Dmel_FBtr0337105	RFX.HG1.7:RFX1/RFX2/RFX3	M03961_2.00
Nvec_vc1.1_XM_048722594.1	ARID2	Hsap_ENST00000290524	RFX5	M08009_2.00
Nvec_vc1.1_XM_032382712.2	RFX5/RFX7	Hsap_ENST00000290524	RFX5	M08009_2.00
Nvec_vc1.1_XM_048724711.1	NFKB1/NFKB2	Mmus_ENSMUST00000029812	NFKB1	M09358_2.00
Nvec_vc1.1_XM_048733736.1	RHD_Rel.HG2.0:like:NFAT5/NF...	Hsap_ENST00000427363	NFATC1	M02747_2.00
Nvec_vc1.1_XM_001625588.3	RUNX1/RUNX2/RUNX3	Dmel_FBtr0077279	RUNX1/RUNX2/RUNX3	M06444_2.00
Nvec_vc1.1_XM_032367573.2	SAND.HG1.0:like:AIRE/DEAF1/...	Dmel_FBtr0074882	DEAF1	M06445_2.00
Nvec_vc1.1_XM_048722445.1	DEAF1	Dmel_FBtr0074882	DEAF1	M06445_2.00
Nvec_vc1.1_XM_032380573.2	SMAD6/SMAD7	Dmel_FBtr0332372	SMAD1/SMAD5/SMAD9	M06446_2.00
Nvec_vc1.1_XM_001631607.3	SMAD2/SMAD3	Hsap_ENST00000327367	SMAD3	M03482_2.00
Nvec_vc1.1_XM_032364001.2	SMAD1/SMAD5/SMAD9	Dmel_FBtr0332372	SMAD1/SMAD5/SMAD9	M06446_2.00
Nvec_vc1.1_XM_032370541.2	SMAD_MH1.HG2.1:like:SMAD4	Dmel_FBtr0085815	SMAD_MH1.HG2.2:like:SMAD4	M06447_2.00
Nvec_vc1.1_XM_001629605.3	SMAD_MH1.HG2.3:SMAD4	Mmus_ENSMUST00000025393	SMAD4	M05889_2.00
Nvec_vc1.1_XM_001634986.3	STAT1/STAT2/STAT4	Mmus_ENSMUST00000186057	STAT1	M09422_2.00
Nvec_vc1.1_XM_032378021.2	TBX19/TBXT	Dmel_FBtr0332070	TBX19/TBXT	M03984_2.00
Nvec_vc1.1_XM_001633901.3	TBX2/TBX3	Mmus_ENSMUST00000018748	TBX3	M00834_2.00
Nvec_vc1.1_XM_001633902.3	TBX4/TBX5	Mmus_ENSMUST00000018407	TBX5	M00833_2.00
Nvec_vc1.1_XM_032374843.2	TBX1/TBX10	Mmus_ENSMUST00000232335	TBX1	M00832_2.00
Nvec_vc1.1_XM_001627136.3	TBX1/TBX10	Mmus_ENSMUST00000232335	TBX1	M00832_2.00
Nvec_vc1.1_XM_001632824.3	TBX20	Hsap_ENST00000408931	TBX20	M03569_2.00
Nvec_vc1.1_XM_032377450.2	TBX20	Hsap_ENST00000408931	TBX20	M03569_2.00
Nvec_vc1.1_XM_001629218.3	TBX20	Hsap_ENST00000408931	TBX20	M03569_2.00
Nvec_vc1.1_XM_032363603.2	TBX15/TBX18/TBX22	Hsap_ENST00000369663	TBX18	M05797_2.00
Nvec_vc1.1_XM_032380148.2	T-box.HG1.12:like:MGA/TBX1/...	Mmus_ENSMUST00000052946	TBX20	M09430_2.00
Nvec_vc1.1_XM_001626820.3	T-box.HG1.12:like:MGA/TBX1/...	Mmus_ENSMUST00000052946	TBX20	M09430_2.00
Nvec_vc1.1_XM_001633156.3	T-box.HG1.2:like:MGA/TBX1/T...	Mmus_ENSMUST00000052946	TBX20	M09430_2.00
Nvec_vc1.1_XM_001626717.3	T-box.HG1.2:like:MGA/TBX1/T...	Mmus_ENSMUST00000052946	TBX20	M09430_2.00
Nvec_vc1.1_XM_001636116.3	TBP/TBPL2	Mmus_ENSMUST00000014911	TBP	M00216_2.00
Nvec_vc1.1_XM_048722500.1	TEAD1/TEAD2/TEAD3/TEAD4	Hsap_ENST00000527636	TEAD1	M05826_2.00
Nvec_vc1.1_XM_032364331.2	TEAD1/TEAD2/TEAD3/TEAD4	Hsap_ENST00000527636	TEAD1	M05826_2.00
Nvec_vc1.1_XM_032380039.2	LIN54/TESMIN	Drer_ENSDART00000092110	LIN54	M02526_2.00
Nvec_vc1.1_XM_032370334.2	THAP_finger.HG1.56:like:AC0...	Mmus_ENSMUST00000040445	THAP11	M09441_2.00
Nvec_vc1.1_XM_032381425.2	VPS72	Dmel_FBtr0080146	VPS72	M04001_2.00
