index,0,1,SEACell
10_F6k#TTCCCTGGACAGCTGC,12.659402,11.232544,10_F6k#TTCCCTGGACAGCTGC
21_Fn#CAACTGAACCCGATTA,6.471853,5.083172,21_Fn#CAACTGAACCCGATTA
22_Fn#TAAGCACACGAGAGGG,5.9959054,1.2857374,22_Fn#TAAGCACACGAGAGGG
11_F5k#GAGTTACTGCTTCAAG,6.598996,5.3147717,11_F5k#GAGTTACTGCTTCAAG
9_F6k#TTTACCATGAAGGCTG,13.901304,2.1762884,9_F6k#TTTACCATGAAGGCTG
10_F6k#ACTTATCACAAAGTAC,6.2366996,-0.1916036,10_F6k#ACTTATCACAAAGTAC
26_Fn#AAGACAAACTCCTACC,0.39281914,2.2290246,26_Fn#AAGACAAACTCCTACC
30_Elav#TGATAGAGAACCAGTT,5.192135,5.423344,30_Elav#TGATAGAGAACCAGTT
10_F6k#CTCTATATGTGCGCCA,6.147053,-0.36873072,10_F6k#CTCTATATGTGCGCCA
50m_PFA#CGGAATTTGCTCGAGC,11.926963,8.595951,50m_PFA#CGGAATTTGCTCGAGC
3_FixSor#TAGTGAAGATCATGCA,6.59087,-2.227377,3_FixSor#TAGTGAAGATCATGCA
22_Fn#TTGTCGAGACCAAACT,7.295302,-0.18262257,22_Fn#TTGTCGAGACCAAACT
10_F6k#CTGATTACTTGAGGCA,15.041719,3.8640661,10_F6k#CTGATTACTTGAGGCA
26_Fn#CAGGGCACTCATCCTC,2.579045,7.4784164,26_Fn#CAGGGCACTCATCCTC
13_F#GAAGAGCCAATCACTG,2.6781275,6.9435773,13_F#GAAGAGCCAATCACTG
22_Fn#CTCAATTTGCTGATCA,8.056337,6.141977,22_Fn#CTCAATTTGCTGATCA
20_Fn#AGCTATGACCGAAGCA,-0.6291542,4.9840174,20_Fn#AGCTATGACCGAAGCA
50m_PFA#GTTAAGAGAGGACCAA,14.037257,1.6851584,50m_PFA#GTTAAGAGAGGACCAA
9_F6k#CTCCTAGTGCTAACGT,16.472342,2.5727859,9_F6k#CTCCTAGTGCTAACGT
50m_PFA#AGTTCACGAAGGTGCA,10.970638,6.891326,50m_PFA#AGTTCACGAAGGTGCA
24_Fn#TACTGGCCTTGCGTGC,-0.9953813,7.500874,24_Fn#TACTGGCCTTGCGTGC
11_F5k#GTATAGGCTAAATCGA,12.444681,1.5718017,11_F5k#GTATAGGCTAAATCGA
10_F6k#GAAGTATGAAGGGCTA,12.537321,8.230432,10_F6k#GAAGTATGAAGGGCTA
22_Fn#CTATAGCGATACACTG,1.9826525,4.3095875,22_Fn#CTATAGCGATACACTG
23_Fn#AGGAATTGATCGGGCT,7.8333416,-0.081747144,23_Fn#AGGAATTGATCGGGCT
22_Fn#ATAGGGTCTTGAAAGT,1.8722813,-2.1333869,22_Fn#ATAGGGTCTTGAAAGT
10_F6k#TCACTATTGGGTTTGT,5.793444,-2.1394787,10_F6k#TCACTATTGGGTTTGT
21_Fn#CATTACACTTACAGCT,0.77123815,8.536803,21_Fn#CATTACACTTACAGCT
10_F6k#CTGATTACTCACAGTT,15.792658,1.7644827,10_F6k#CTGATTACTCACAGTT
9_F6k#TGCCATCTGTTCGCAA,1.0334257,7.4987044,9_F6k#TGCCATCTGTTCGCAA
20_Fn#GGGAAAGCTACGCGAA,0.90608114,7.543188,20_Fn#GGGAAAGCTACGCGAA
26_Fn#AGGGCGTCTCTCATTT,-2.0408878,6.581527,26_Fn#AGGGCGTCTCTCATTT
24_Fn#ATGGGTTACTGTTGTG,5.56869,-3.7943094,24_Fn#ATGGGTTACTGTTGTG
24_Fn#CCTCACATGATGAATG,8.043484,-1.0016668,24_Fn#CCTCACATGATGAATG
12_F#ATTACTCTCACTACCC,1.7091169,6.434356,12_F#ATTACTCTCACTACCC
3_FixSor#CCATTGCTGAGTCGGA,7.1438484,-2.0730731,3_FixSor#CCATTGCTGAGTCGGA
9_F6k#GAGTTACTGCAATAGA,15.518282,1.2917781,9_F6k#GAGTTACTGCAATAGA
12_F#GGCACGTGTTGGACGA,16.48926,1.7813566,12_F#GGCACGTGTTGGACGA
23_Fn#GCTTCTGACATCTGTG,15.191757,0.92969596,23_Fn#GCTTCTGACATCTGTG
9_F6k#CTTGACGCTTGAAAGT,4.6088643,-2.8956606,9_F6k#CTTGACGCTTGAAAGT
24_Fn#CTATAGCGAGCTGTTA,5.932207,0.8650968,24_Fn#CTATAGCGAGCTGTTA
24_Fn#CTTCCTTTGAGCAAGC,15.971121,2.9196596,24_Fn#CTTCCTTTGAGCAAGC
3_FixSor#TGGAGTTACTACCTGA,2.0586212,2.8083928,3_FixSor#TGGAGTTACTACCTGA
27_Fn#AACGAGGTGGCCCTAG,8.530905,-1.0582325,27_Fn#AACGAGGTGGCCCTAG
10_F6k#TAGCAGACTAATCTGC,-1.845213,2.7977755,10_F6k#TAGCAGACTAATCTGC
26_Fn#AAGCGTGGAGAATTGA,1.9136802,5.73092,26_Fn#AAGCGTGGAGAATTGA
9_F6k#TCTTGAACTGGACCAA,16.760363,1.9494157,9_F6k#TCTTGAACTGGACCAA
20_Fn#CGTGGAAGACCTCAAA,2.4165378,8.53241,20_Fn#CGTGGAAGACCTCAAA
24_Fn#GGGCTTCGAAGGTGAC,14.989254,1.4528292,24_Fn#GGGCTTCGAAGGTGAC
10_F6k#CTAACTGGATAACTCG,16.011532,1.1662469,10_F6k#CTAACTGGATAACTCG
11_F5k#CCTCCCTTGCCAGCAC,3.1872654,8.343383,11_F5k#CCTCCCTTGCCAGCAC
3_FixSor#ATGCATCGACCAACGC,2.738937,9.053216,3_FixSor#ATGCATCGACCAACGC
26_Fn#TGAATGCACCCGTGAC,15.835557,3.7135653,26_Fn#TGAATGCACCCGTGAC
21_Fn#AGAGCAGTGCTCACGG,17.213129,2.0126715,21_Fn#AGAGCAGTGCTCACGG
25_Fn#GGGGGGGGGGGGGGGG,3.5446465,3.8341188,25_Fn#GGGGGGGGGGGGGGGG
50m_PFA#TGCACGGACCCTATCC,14.335785,0.79366404,50m_PFA#TGCACGGACCCTATCC
20_Fn#TGCCGTGGAACGCCAC,4.282264,-3.4533207,20_Fn#TGCCGTGGAACGCCAC
22_Fn#GGGCTTCGACCTGAGC,2.8754308,6.7587585,22_Fn#GGGCTTCGACCTGAGC
3_FixSor#TCTTGAGGAACCAGTT,14.9679785,7.848975,3_FixSor#TCTTGAGGAACCAGTT
22_Fn#AGTAGAAACCCACAAT,0.63580006,0.40871277,22_Fn#AGTAGAAACCCACAAT
26_Fn#TAACGCATGGTCCCAG,-1.8862829,3.1335359,26_Fn#TAACGCATGGTCCCAG
26_Fn#AGCGCCTGATAGGCGA,4.758747,0.2664403,26_Fn#AGCGCCTGATAGGCGA
20_Fn#AACTACGACCAACGCC,9.620985,4.8212776,20_Fn#AACTACGACCAACGCC
21_Fn#TGCGAATACCGTTAGT,12.212857,12.916619,21_Fn#TGCGAATACCGTTAGT
23_Fn#CCCGGAAACGCATGAG,14.479683,8.255719,23_Fn#CCCGGAAACGCATGAG
22_Fn#TTCTAGTACCTGGGTC,12.05778,7.8159375,22_Fn#TTCTAGTACCTGGGTC
3_FixSor#GGCGTTTCTGCCAGCT,10.915696,10.307214,3_FixSor#GGCGTTTCTGCCAGCT
9_F6k#TCAACAGACACGCGAA,16.509935,2.4221761,9_F6k#TCAACAGACACGCGAA
12_F#TGGCGCACATCACAAC,3.7795243,3.8226106,12_F#TGGCGCACATCACAAC
3_FixSor#ATGGCTATGCGATGTT,16.871572,3.4016185,3_FixSor#ATGGCTATGCGATGTT
11_F5k#TCGTATACTTTGCGCG,4.633089,-0.13076851,11_F5k#TCGTATACTTTGCGCG
23_Fn#TTGGTATCTCCTTCCA,8.7900505,7.3185687,23_Fn#TTGGTATCTCCTTCCA
21_Fn#CTTCCTTTGTCCCGTT,1.3706217,-1.7798322,21_Fn#CTTCCTTTGTCCCGTT
24_Fn#TCAAAGGCTAACCCGC,-2.0246756,6.315466,24_Fn#TCAAAGGCTAACCCGC
20_Fn#TAGAACCACCAAGGTG,11.761379,8.002473,20_Fn#TAGAACCACCAAGGTG
23_Fn#TACCACCTGCTGCCAG,13.367213,0.8647411,23_Fn#TACCACCTGCTGCCAG
12_F#TCACTCGAGCTCGTTA,8.866648,0.12629765,12_F#TCACTCGAGCTCGTTA
26_Fn#GGCGTTTCTTCGTAAC,-1.0495034,5.4234424,26_Fn#GGCGTTTCTTCGTAAC
20_Fn#TGCGCAGACTTCTGAG,9.343726,-0.43861327,20_Fn#TGCGCAGACTTCTGAG
21_Fn#AGTTTCTTGATGTGGG,2.7124982,-1.6508248,21_Fn#AGTTTCTTGATGTGGG
23_Fn#TGTATTCACAGCTTTG,4.614338,3.4749312,23_Fn#TGTATTCACAGCTTTG
20_Fn#CGTACAAACTTCCATT,-0.08698412,2.6798525,20_Fn#CGTACAAACTTCCATT
23_Fn#GCTCGTGGAGTTTACG,14.515702,2.2801838,23_Fn#GCTCGTGGAGTTTACG
3_FixSor#CAATGCCCTCTTAGTG,-0.37298372,1.9159994,3_FixSor#CAATGCCCTCTTAGTG
20_Fn#GTCAAGTACAGGTAAT,-0.72648853,7.7429905,20_Fn#GTCAAGTACAGGTAAT
50m_PFA#AGGTAGCGAACTAGGG,16.494074,2.8988137,50m_PFA#AGGTAGCGAACTAGGG
11_F5k#GAGCGATGATATTGCG,8.447654,5.0650806,11_F5k#GAGCGATGATATTGCG
13_F#CATTGGATCGTGAACT,-0.9205853,7.8497314,13_F#CATTGGATCGTGAACT
22_Fn#AAGCGCCACTAGGTTC,12.553547,6.918859,22_Fn#AAGCGCCACTAGGTTC
20_Fn#ATAGAACGACCTGAGC,7.586942,10.162204,20_Fn#ATAGAACGACCTGAGC
24_Fn#GTTGCTAGATATGACC,8.266283,-0.5109504,24_Fn#GTTGCTAGATATGACC
10_F6k#GGTCGCATGATGTCCA,12.71899,9.165955,10_F6k#GGTCGCATGATGTCCA
9_F6k#CAAAGAATGTGAACAA,15.8054495,1.4769194,9_F6k#CAAAGAATGTGAACAA
23_Fn#TAGTACCGAGAAGGCT,14.481904,4.756001,23_Fn#TAGTACCGAGAAGGCT
18_Elav#ATAGCCAACAAATGCA,7.0027666,7.4755473,18_Elav#ATAGCCAACAAATGCA
27_Fn#CTACCTCGATGGAACG,-1.8471819,2.5054805,27_Fn#CTACCTCGATGGAACG
21_Fn#CAGAAACCTCAATAGA,15.271445,12.029222,21_Fn#CAGAAACCTCAATAGA
22_Fn#GGATCCCGAGTCTGGC,-0.076602034,1.4440373,22_Fn#GGATCCCGAGTCTGGC
13_F#GGAGGATGTTGCCTGG,0.22729997,2.3820827,13_F#GGAGGATGTTGCCTGG
10_F6k#GGGAGCTCTATCCTAG,14.5401945,11.420796,10_F6k#GGGAGCTCTATCCTAG
22_Fn#AGCTCGGACACTAGTC,-2.3630362,3.5031805,22_Fn#AGCTCGGACACTAGTC
10_F6k#CCATCCATGCGGTACC,14.380341,12.081398,10_F6k#CCATCCATGCGGTACC
22_Fn#TGCGCAGACAAGTTCC,5.2889895,-0.7143516,22_Fn#TGCGCAGACAAGTTCC
9_F6k#ATGATGCACGGATGGT,1.7330056,-2.1963353,9_F6k#ATGATGCACGGATGGT
9_F6k#TACCGACCTAATCCTG,2.5046158,1.7963825,9_F6k#TACCGACCTAATCCTG
12_F#CCCTAGTCATAGATAG,2.0381923,1.8515412,12_F#CCCTAGTCATAGATAG
30_Elav#AAACGACCTAGACAAT,11.476634,8.169389,30_Elav#AAACGACCTAGACAAT
25_Fn#TCTATGGGAGGAGTCA,-2.7231812,4.1784353,25_Fn#TCTATGGGAGGAGTCA
20_Fn#TGGATTGACGACTCGC,3.4658082,9.354783,20_Fn#TGGATTGACGACTCGC
50m_PFA#GGGTCGTACAGGTAAT,17.073484,1.86203,50m_PFA#GGGTCGTACAGGTAAT
22_Fn#TACGTTTACTAACCCA,11.176869,1.2235923,22_Fn#TACGTTTACTAACCCA
30_Elav#TGGATTGACGAATCTC,14.290337,10.769999,30_Elav#TGGATTGACGAATCTC
27_Fn#CCCTATCGACTTGTGA,10.994381,10.779189,27_Fn#CCCTATCGACTTGTGA
29_Elav#TAAGCTGTGGTTAGAA,9.720694,7.5323386,29_Elav#TAAGCTGTGGTTAGAA
30_Elav#ATAGAACGACGAGGTA,11.319912,9.574146,30_Elav#ATAGAACGACGAGGTA
21_Fn#GTACATCGACCAGGCT,1.0729251,0.90285957,21_Fn#GTACATCGACCAGGCT
23_Fn#ACCTACCTGGTTGTCA,0.7919393,1.0739678,23_Fn#ACCTACCTGGTTGTCA
13_F#TTAGCTTCATAAAGTG,1.0401382,-2.4173832,13_F#TTAGCTTCATAAAGTG
20_Fn#CGTTTGCTGGTTTGGT,5.3674226,-0.98250395,20_Fn#CGTTTGCTGGTTTGGT
50m_PFA#ATCGCCGGACTATCTT,2.2466874,7.1316605,50m_PFA#ATCGCCGGACTATCTT
26_Fn#TGGATTGACGAAGTTA,1.7363393,8.859306,26_Fn#TGGATTGACGAAGTTA
21_Fn#CCAAGGAGATTACGAC,0.22881776,8.806716,21_Fn#CCAAGGAGATTACGAC
24_Fn#AGATGGGTGCTACTCC,-0.8367888,0.38190192,24_Fn#AGATGGGTGCTACTCC
20_Fn#GCGTGCTGATCTATCT,9.68687,7.255556,20_Fn#GCGTGCTGATCTATCT
9_F6k#TATGGTTCTCGCTCGA,5.2081594,-4.151954,9_F6k#TATGGTTCTCGCTCGA
12_F#CGATGATTCTGGCGCA,2.5212257,2.0069947,12_F#CGATGATTCTGGCGCA
23_Fn#TCCTAATTGTCGTCAA,1.5201339,8.609076,23_Fn#TCCTAATTGTCGTCAA
9_F6k#CTCTGCAACGAAGGTC,-0.09036692,8.525838,9_F6k#CTCTGCAACGAAGGTC
9_F6k#GTTAGTTCTTAGCTTG,15.819912,1.4906868,9_F6k#GTTAGTTCTTAGCTTG
10_F6k#AAGTACCACAACGTTC,-1.3956759,1.3638245,10_F6k#AAGTACCACAACGTTC
9_F6k#GAGCATACTTGTGGGA,-1.5688922,0.19595006,9_F6k#GAGCATACTTGTGGGA
22_Fn#GGAGTTACTCCATAAC,7.7684555,0.00044245122,22_Fn#GGAGTTACTCCATAAC
22_Fn#ATAGGGTCTCTAACGT,3.390705,1.5521144,22_Fn#ATAGGGTCTCTAACGT
20_Fn#GTAATCGACGCCGTTG,2.044364,8.591942,20_Fn#GTAATCGACGCCGTTG
13_F#CTGTTCGGTCAACTGT,1.1275964,9.306177,13_F#CTGTTCGGTCAACTGT
Multiome_07563AAD#TGAGCTTAGGAAGCAC-1,14.382765,2.7241678,Multiome_07563AAD#TGAGCTTAGGAAGCAC-1
20_Fn#GTTGAAGCTTCCTACC,-2.7781289,6.501296,20_Fn#GTTGAAGCTTCCTACC
27_Fn#CCTTGGTACTCATGTG,2.407027,1.1928893,27_Fn#CCTTGGTACTCATGTG
11_F5k#GGTATGACTAGCCTAT,-0.45812005,0.7240088,11_F5k#GGTATGACTAGCCTAT
29_Elav#CAAAGGGTGCGACACC,9.767606,9.355286,29_Elav#CAAAGGGTGCGACACC
24_Fn#AAATGCGCTCCAAACT,-1.0357702,0.48676205,24_Fn#AAATGCGCTCCAAACT
9_F6k#AAGTGGCGAGTTAGGG,11.403151,12.6859665,9_F6k#AAGTGGCGAGTTAGGG
50m_PFA#TGACCCTACATTAAGG,-1.5812215,5.4678254,50m_PFA#TGACCCTACATTAAGG
22_Fn#CAAGCAACTAAAGCTA,0.16625221,4.044064,22_Fn#CAAGCAACTAAAGCTA
50m_PFA#CGGAATTTGTGATGAA,-2.8863144,5.8964314,50m_PFA#CGGAATTTGTGATGAA
28_Elav#TAGGACTTGAGGTCCC,9.244946,6.927396,28_Elav#TAGGACTTGAGGTCCC
9_F6k#ATGATAGGATTCGTTT,-2.0859978,6.5516973,9_F6k#ATGATAGGATTCGTTT
Multiome_07563AAD#ACATAGCTCGTTAGCG-1,15.241275,2.549896,Multiome_07563AAD#ACATAGCTCGTTAGCG-1
26_Fn#CAATTCGGAGTTGACT,4.9816914,6.0648746,26_Fn#CAATTCGGAGTTGACT
26_Fn#CGGAATTTGTCTGTGA,1.5744866,0.59996307,26_Fn#CGGAATTTGTCTGTGA
20_Fn#TTAGCGATGAAACTGA,2.2167623,1.1825999,20_Fn#TTAGCGATGAAACTGA
3_FixSor#TGTAACGTGAGTCTAC,13.064154,9.223484,3_FixSor#TGTAACGTGAGTCTAC
21_Fn#CCGCTATTGGGACCAA,2.4795017,0.9405054,21_Fn#CCGCTATTGGGACCAA
12_F#CTTGCTGTCTTGGCCT,14.993768,8.254754,12_F#CTTGCTGTCTTGGCCT
25_Fn#TCGCTGGGATCCAGCG,14.221489,2.9741151,25_Fn#TCGCTGGGATCCAGCG
10_F6k#ATAGGAAACGCATGAG,7.030835,2.6529644,10_F6k#ATAGGAAACGCATGAG
21_Fn#TTGTAACCTTACGTTG,4.143261,-2.6931012,21_Fn#TTGTAACCTTACGTTG
10_F6k#CCTTCTACTCAGATTC,15.115359,7.4399924,10_F6k#CCTTCTACTCAGATTC
21_Fn#TACAACGTGGAATAAC,-1.6951572,0.19973525,21_Fn#TACAACGTGGAATAAC
24_Fn#CAATCAGACCGTTCTC,15.53956,11.092393,24_Fn#CAATCAGACCGTTCTC
21_Fn#ATCCTCGACGCCACGT,-0.99474186,6.6351566,21_Fn#ATCCTCGACGCCACGT
23_Fn#ACGATAGCTCCAAGTT,13.863713,12.382473,23_Fn#ACGATAGCTCCAAGTT
24_Fn#AGCTCTGCTCAGATTC,14.38419,0.8272256,24_Fn#AGCTCTGCTCAGATTC
12_F#CTCTACGGTTTAGACC,12.626025,8.903453,12_F#CTCTACGGTTTAGACC
11_F5k#GTCGGCTGAGGAATAT,16.78458,2.651369,11_F5k#GTCGGCTGAGGAATAT
22_Fn#CAGCTCACTGTTGGTT,11.610004,8.172879,22_Fn#CAGCTCACTGTTGGTT
23_Fn#AATAGGAACTGAGCAG,-3.0174344,6.413431,23_Fn#AATAGGAACTGAGCAG
13_F#ACGTTAGGTGCCCGAT,-1.1074506,1.3963434,13_F#ACGTTAGGTGCCCGAT
12_F#TAAGTGCAGACGACTG,-0.7342885,3.076907,12_F#TAAGTGCAGACGACTG
24_Fn#AACCCTCACTCATTGG,2.60715,2.004522,24_Fn#AACCCTCACTCATTGG
30_Elav#AGATGTAGATACTTTC,10.879203,10.217985,30_Elav#AGATGTAGATACTTTC
19_Elav#CGTGTCTTGAGTTGAA,6.479277,7.358393,19_Elav#CGTGTCTTGAGTTGAA
19_Elav#AGGTATAGACGACTAT,7.4243274,7.690581,19_Elav#AGGTATAGACGACTAT
21_Fn#TCCTTAAACAGAGGCT,-1.2456435,5.040227,21_Fn#TCCTTAAACAGAGGCT
30_Elav#CTACTCTCTCTCTGGG,-1.2327893,3.966293,30_Elav#CTACTCTCTCTCTGGG
11_F5k#AACGCGCTGACCGTGC,11.509239,6.682321,11_F5k#AACGCGCTGACCGTGC
20_Fn#CATGCAAACAACGCAG,3.364838,-0.9701788,20_Fn#CATGCAAACAACGCAG
3_FixSor#TGCTGCTACATGTGGG,8.764981,-1.706128,3_FixSor#TGCTGCTACATGTGGG
21_Fn#TACCCGTTGATCAGGG,2.2434525,-0.7962979,21_Fn#TACCCGTTGATCAGGG
10_F6k#GGGTATGGACGAGGAT,14.396317,6.225866,10_F6k#GGGTATGGACGAGGAT
18_Elav#CTCTTTCTGCGTTATG,5.384497,3.1379664,18_Elav#CTCTTTCTGCGTTATG
20_Fn#CGACCTTACGTTAGTC,-1.2097098,4.323748,20_Fn#CGACCTTACGTTAGTC
21_Fn#TTAGCCAGAGTTAGGG,13.755177,12.448613,21_Fn#TTAGCCAGAGTTAGGG
3_FixSor#TTGGCAAACTGACTCA,-2.7023177,6.6546707,3_FixSor#TTGGCAAACTGACTCA
3_FixSor#GTCGAAGGATGCATCA,14.705372,4.824341,3_FixSor#GTCGAAGGATGCATCA
10_F6k#CTCGGTTACCTTCAAG,8.448139,-0.7666024,10_F6k#CTCGGTTACCTTCAAG
50m_PFA#ATTACCTACTTACGCA,16.065977,2.970935,50m_PFA#ATTACCTACTTACGCA
21_Fn#GTCAAGTACTGTGGGA,-0.6999368,0.13622026,21_Fn#GTCAAGTACTGTGGGA
9_F6k#CATATCACTGCTAGAG,6.857524,3.9041243,9_F6k#CATATCACTGCTAGAG
22_Fn#AAGTACCACCAATAGA,16.316544,2.2810442,22_Fn#AAGTACCACCAATAGA
23_Fn#GTACCGGACGCTCCTT,-2.5784776,6.90746,23_Fn#GTACCGGACGCTCCTT
3_FixSor#CCAGGCAACTCCGTAA,12.023148,12.414698,3_FixSor#CCAGGCAACTCCGTAA
22_Fn#TTTCTGATGTCCCGTT,0.8989854,-2.783019,22_Fn#TTTCTGATGTCCCGTT
21_Fn#AACTCCCTGTTAGCTG,0.21399668,8.841832,21_Fn#AACTCCCTGTTAGCTG
12_F#GATTGACCAGTTGGAG,1.223651,1.770436,12_F#GATTGACCAGTTGGAG
21_Fn#GCGAGAATGGCCGCTA,1.2643645,-2.2534056,21_Fn#GCGAGAATGGCCGCTA
3_FixSor#AGTTTGCGATGTTCCC,12.038979,10.164502,3_FixSor#AGTTTGCGATGTTCCC
22_Fn#GCACAATACTTACGCA,9.728886,-0.1401381,22_Fn#GCACAATACTTACGCA
3_FixSor#GAAAGTAACCGATTAC,6.556114,9.649587,3_FixSor#GAAAGTAACCGATTAC
10_F6k#TTCGACCACTCCCAGG,9.124967,7.5796933,10_F6k#TTCGACCACTCCCAGG
26_Fn#CCGTTGTACCATCTTT,15.368294,7.782369,26_Fn#CCGTTGTACCATCTTT
24_Fn#ACTCGCTACTTTCTGT,7.6797166,-0.34854853,24_Fn#ACTCGCTACTTTCTGT
50m_PFA#ACCTATGGAGTTTACG,4.874516,-0.102564834,50m_PFA#ACCTATGGAGTTTACG
22_Fn#GGGTAGAACTTGCAGT,11.845973,1.5025909,22_Fn#GGGTAGAACTTGCAGT
22_Fn#CCCTGAACTATTCGGT,11.302291,13.889459,22_Fn#CCCTGAACTATTCGGT
16_FC#AAGACGGTGACACCGC,8.093927,-1.1606609,16_FC#AAGACGGTGACACCGC
20_Fn#TAGTTGCGAAACGTAA,-1.8067284,4.056096,20_Fn#TAGTTGCGAAACGTAA
10_F6k#ATACAGGCTATGAATG,5.7843623,2.9615424,10_F6k#ATACAGGCTATGAATG
20_Fn#GAAGTATGACGGCACT,14.076559,12.224975,20_Fn#GAAGTATGACGGCACT
22_Fn#CCGTCTATGTACAGCT,11.144135,7.044935,22_Fn#CCGTCTATGTACAGCT
29_Elav#TACGTTTACTTGTACG,8.251691,8.209779,29_Elav#TACGTTTACTTGTACG
11_F5k#CTTCTAAACAAGGTGC,9.737877,-0.34664562,11_F5k#CTTCTAAACAAGGTGC
27_Fn#AGCAACTTGAAGTAAC,1.6920227,9.362825,27_Fn#AGCAACTTGAAGTAAC
10_F6k#GCCGTTTACTAGCGAG,2.304107,10.271584,10_F6k#GCCGTTTACTAGCGAG
9_F6k#GCTCATAGAATCTGTG,12.80032,8.893202,9_F6k#GCTCATAGAATCTGTG
10_F6k#GGTCTAAACGTACTAC,11.72666,13.362161,10_F6k#GGTCTAAACGTACTAC
21_Fn#CATTACTTGGGACAGT,11.843561,12.042324,21_Fn#CATTACTTGGGACAGT
50m_PFA#TCCTTGGTGAGCCTAT,10.890081,7.939265,50m_PFA#TCCTTGGTGAGCCTAT
21_Fn#GTGCATTGATGCTTGA,-0.42480674,2.7184317,21_Fn#GTGCATTGATGCTTGA
11_F5k#GTCGAATACGGGTAGT,15.297738,2.4974828,11_F5k#GTCGAATACGGGTAGT
20_Fn#AGAACGCGACTTAAGC,16.834442,1.5809119,20_Fn#AGAACGCGACTTAAGC
21_Fn#TGCGCCAGAAAGACAT,-1.4834222,-0.08130197,21_Fn#TGCGCCAGAAAGACAT
10_F6k#CAATGTGTGGCTCAGC,2.4568393,2.370064,10_F6k#CAATGTGTGGCTCAGC
26_Fn#CTATCTATGATCAGCT,-2.186891,3.6974974,26_Fn#CTATCTATGATCAGCT
26_Fn#TAGGCCTCTACTAGGG,0.30196735,5.7755566,26_Fn#TAGGCCTCTACTAGGG
23_Fn#TACACTACTAGCTTTG,3.6852891,5.549119,23_Fn#TACACTACTAGCTTTG
20_Fn#GCTCGTGGAGCTAATC,2.1929889,0.9700215,20_Fn#GCTCGTGGAGCTAATC
28_Elav#GATACCATGCATGCAT,7.616128,10.006823,28_Elav#GATACCATGCATGCAT
10_F6k#CGTGAATACGAACAGC,0.55477035,-3.1967776,10_F6k#CGTGAATACGAACAGC
21_Fn#ACCAATGACATGTCAC,-2.1951747,5.830794,21_Fn#ACCAATGACATGTCAC
3_FixSor#TAGTCGCCTAGCTTGT,4.671872,-1.8533337,3_FixSor#TAGTCGCCTAGCTTGT
20_Fn#TTTACGTACCGACATT,-0.5676579,1.8181021,20_Fn#TTTACGTACCGACATT
26_Fn#TGGAACACTGAACGTG,11.970007,13.423245,26_Fn#TGGAACACTGAACGTG
50m_PFA#ATCAAGCACCATCCTC,9.158565,-1.8855356,50m_PFA#ATCAAGCACCATCCTC
20_Fn#GATCCAAACTTTCTTG,-1.9328058,2.693064,20_Fn#GATCCAAACTTTCTTG
13_F#CTCTACGTCCGTGCGA,4.4970016,-3.3668697,13_F#CTCTACGTCCGTGCGA
21_Fn#TATCGATCTACAACAA,12.750747,0.8546131,21_Fn#TATCGATCTACAACAA
21_Fn#ATGCATCGAGTTGTCA,2.1595457,9.611677,21_Fn#ATGCATCGAGTTGTCA
10_F6k#CACTCTGACGCATGAG,11.73284,8.373208,10_F6k#CACTCTGACGCATGAG
26_Fn#ACCTCGTTGCGTTCTC,1.163579,2.6491876,26_Fn#ACCTCGTTGCGTTCTC
9_F6k#AGTGACACTGCGCACT,4.67047,-4.5558095,9_F6k#AGTGACACTGCGCACT
9_F6k#TAACGCATGTGAGGCA,1.3416638,9.847973,9_F6k#TAACGCATGTGAGGCA
20_Fn#TCCAAAGTGTGCTGTA,-0.33182412,2.7924232,20_Fn#TCCAAAGTGTGCTGTA
26_Fn#TGTAACGTGCGACAAG,8.177385,-1.749421,26_Fn#TGTAACGTGCGACAAG
20_Fn#CCTTGGTACGAACATA,14.048144,12.284946,20_Fn#CCTTGGTACGAACATA
20_Fn#CCTACTGTGAGGACAC,15.603623,10.0012045,20_Fn#CCTACTGTGAGGACAC
28_Elav#TCATTGGGAGAAGTTA,6.695935,4.015121,28_Elav#TCATTGGGAGAAGTTA
3_FixSor#CGTGGAAGATGTGCTA,11.721921,13.6756315,3_FixSor#CGTGGAAGATGTGCTA
21_Fn#CACTCTTCTCTCGAGC,5.000556,0.025003428,21_Fn#CACTCTTCTCTCGAGC
12_F#CGCGCAACAAGTTGCT,9.635131,-2.3834002,12_F#CGCGCAACAAGTTGCT
10_F6k#CTGCCTTGACTCACGG,11.311309,13.574552,10_F6k#CTGCCTTGACTCACGG
Multiome_07563AAD#GCGCAAACAGGCCATT-1,12.143671,2.7456079,Multiome_07563AAD#GCGCAAACAGGCCATT-1
24_Fn#CATTAGTCTCTTAAGC,12.212883,13.221405,24_Fn#CATTAGTCTCTTAAGC
20_Fn#CCCTCCTTGGACTCGC,-0.8718288,3.0514643,20_Fn#CCCTCCTTGGACTCGC
24_Fn#GGTGCGTTGCAAGGTG,15.154607,10.896049,24_Fn#GGTGCGTTGCAAGGTG
23_Fn#AAGCGCCACGAGAGGG,8.649305,-2.8659847,23_Fn#AAGCGCCACGAGAGGG
9_F6k#CCTGATCACATCCGTA,11.680776,13.845051,9_F6k#CCTGATCACATCCGTA
Multiome_07563AAD#GCCTACTTCCGCCTCA-1,10.36593,9.0849285,Multiome_07563AAD#GCCTACTTCCGCCTCA-1
11_F5k#ATACAGGCTCATCCTC,14.267595,2.3127794,11_F5k#ATACAGGCTCATCCTC
9_F6k#CGATACCCTCGTTCTC,15.891738,2.4701543,9_F6k#CGATACCCTCGTTCTC
27_Fn#CCTATCGACCGGCTCA,0.05723381,0.7626018,27_Fn#CCTATCGACCGGCTCA
20_Fn#GGTTCCTTGTGCGTGC,2.0219789,0.80258876,20_Fn#GGTTCCTTGTGCGTGC
9_F6k#AAATGCGCTCCGCTAG,14.079198,4.5157785,9_F6k#AAATGCGCTCCGCTAG
13_F#CTCAGAAAGATCGAGC,16.814703,3.0190263,13_F#CTCAGAAAGATCGAGC
9_F6k#TCCGCGAGATGGTGAG,9.067093,8.928462,9_F6k#TCCGCGAGATGGTGAG
11_F5k#TGCAGTATGGGGACTA,5.6010833,-3.3899744,11_F5k#TGCAGTATGGGGACTA
24_Fn#GGAACTACTAATCCGT,10.007766,-1.4711632,24_Fn#GGAACTACTAATCCGT
20_Fn#AAAGGATACGTTAGAA,4.291151,0.026918445,20_Fn#AAAGGATACGTTAGAA
30_Elav#GGTGAGATGGAATCTC,-1.2740006,6.1342077,30_Elav#GGTGAGATGGAATCTC
20_Fn#GTTCTTCCTGCTGAGA,3.1589887,8.524738,20_Fn#GTTCTTCCTGCTGAGA
25_Fn#AGTTCACGACCGTTAA,-0.72849566,6.5602245,25_Fn#AGTTCACGACCGTTAA
22_Fn#ATCGAGTTGAATCTGC,15.52307,10.187861,22_Fn#ATCGAGTTGAATCTGC
26_Fn#GTAATCGTGAATCTGC,14.587111,10.278168,26_Fn#GTAATCGTGAATCTGC
3_FixSor#TACAACGTGTACCTGA,5.0139923,-0.2883538,3_FixSor#TACAACGTGTACCTGA
18_Elav#CTACTTTGATGCAAGG,10.479051,7.148382,18_Elav#CTACTTTGATGCAAGG
12_F#TCACCACTCTATCCTA,4.05677,2.6443846,12_F#TCACCACTCTATCCTA
20_Fn#TGAGTAAGATGATCAC,1.3149402,9.442174,20_Fn#TGAGTAAGATGATCAC
25_Fn#AGGTGATCTCGAAAGC,0.81762713,6.131005,25_Fn#AGGTGATCTCGAAAGC
24_Fn#AGGGACATGCGAGTGA,5.96269,-3.43976,24_Fn#AGGGACATGCGAGTGA
3_FixSor#ATCGGCGTGCTTTAGG,14.342089,12.2172985,3_FixSor#ATCGGCGTGCTTTAGG
3_FixSor#CGTCTTGACCATACTG,8.896194,-3.0372238,3_FixSor#CGTCTTGACCATACTG
3_FixSor#TGCGTCTACAGGTGCA,13.726917,11.934505,3_FixSor#TGCGTCTACAGGTGCA
27_Fn#CTCACGACTTATCTGG,13.46613,5.8495226,27_Fn#CTCACGACTTATCTGG
28_Elav#TGGGCGTACCGAGTGA,10.516877,8.294414,28_Elav#TGGGCGTACCGAGTGA
21_Fn#GGTTCACCTAACGTAA,4.294233,0.020262308,21_Fn#GGTTCACCTAACGTAA
29_Elav#TGTACTGGAAATCCAC,8.3517885,9.866531,29_Elav#TGTACTGGAAATCCAC
27_Fn#CCTACGTACCCAAGTT,8.869437,-2.4786465,27_Fn#CCTACGTACCCAAGTT
3_FixSor#CGATATTCTGCACCCA,8.226847,5.930204,3_FixSor#CGATATTCTGCACCCA
3_FixSor#CCCATGTACTACAGAA,14.738226,1.6298842,3_FixSor#CCCATGTACTACAGAA
21_Fn#CTTTAGGGATCATGTG,13.18467,8.604397,21_Fn#CTTTAGGGATCATGTG
20_Fn#CATTGCGCTATGTCCA,12.452254,12.631266,20_Fn#CATTGCGCTATGTCCA
9_F6k#CTTGCTGACAAAGCTA,13.939259,0.9182084,9_F6k#CTTGCTGACAAAGCTA
21_Fn#ACTCTAGGACCTTCCA,6.635217,4.248977,21_Fn#ACTCTAGGACCTTCCA
23_Fn#GAGGTCCTGTAATAGG,15.630616,10.923823,23_Fn#GAGGTCCTGTAATAGG
10_F6k#GTAGTGGGACGGTTGC,5.204771,-3.9244723,10_F6k#GTAGTGGGACGGTTGC
22_Fn#CCTTCCAGACGGAATG,15.146276,12.18654,22_Fn#CCTTCCAGACGGAATG
25m_PFA#GCAAACTACCAATGAA,15.644043,2.0917006,25m_PFA#GCAAACTACCAATGAA
27_Fn#GCACTCACTGCGCAAA,7.530012,-1.0697013,27_Fn#GCACTCACTGCGCAAA
20_Fn#GGAAGAAGACCTTTGC,11.310606,0.34121335,20_Fn#GGAAGAAGACCTTTGC
26_Fn#CGGTCTACTTCATGTG,1.1650993,-3.3033054,26_Fn#CGGTCTACTTCATGTG
Multiome_07563AAD#CTGAAACTCCTGATTT-1,8.6246195,-0.9108608,Multiome_07563AAD#CTGAAACTCCTGATTT-1
21_Fn#CCTTCTACTCGCCACA,7.484442,10.709697,21_Fn#CCTTCTACTCGCCACA
23_Fn#GTATTCACTTTCTGAG,1.1458844,0.10643216,23_Fn#GTATTCACTTTCTGAG
21_Fn#CGTCTTGACCTACTCC,1.4164646,-1.898464,21_Fn#CGTCTTGACCTACTCC
3_FixSor#TCTGGCTTGTAAGTAG,5.862996,-4.6952167,3_FixSor#TCTGGCTTGTAAGTAG
26_Fn#ACGCTCTTGCTGAGAG,-2.4658651,6.6358366,26_Fn#ACGCTCTTGCTGAGAG
23_Fn#CAGACTCCTCCACATA,15.602676,10.153347,23_Fn#CAGACTCCTCCACATA
9_F6k#ATGCCGCGACAGGTGA,4.650795,-1.0779266,9_F6k#ATGCCGCGACAGGTGA
27_Fn#TGCATGCCTTACAGCT,-1.5790113,0.9905417,27_Fn#TGCATGCCTTACAGCT
Multiome_07563AAD#CGGATTAGTAGGTGTC-1,14.665652,10.975948,Multiome_07563AAD#CGGATTAGTAGGTGTC-1
23_Fn#CAAGGGTGAGAATAAC,15.193331,4.3488035,23_Fn#CAAGGGTGAGAATAAC
50m_PFA#GGAGTTACTTGGTCCG,16.062082,2.7053037,50m_PFA#GGAGTTACTTGGTCCG
10_F6k#CCTTGGTACATCCTTT,11.602221,14.215412,10_F6k#CCTTGGTACATCCTTT
21_Fn#TGCTACGCTCAGCACC,-1.6797128,0.05755439,21_Fn#TGCTACGCTCAGCACC
23_Fn#AAGAACCCTGCGGTTC,5.148729,-1.8559402,23_Fn#AAGAACCCTGCGGTTC
25m_PFA#GAGTTGACTGAATCTC,11.652084,7.9026594,25m_PFA#GAGTTGACTGAATCTC
24_Fn#GTATTCTACCAGCACC,7.5370393,8.947057,24_Fn#GTATTCTACCAGCACC
10_F6k#AGAACATGAACTAGTC,2.4607968,0.1099294,10_F6k#AGAACATGAACTAGTC
12_F#TATGTTCTCAGGATCT,6.9788,-4.155726,12_F#TATGTTCTCAGGATCT
20_Fn#TAGCTTTACAAGGCCA,4.464544,-3.5991046,20_Fn#TAGCTTTACAAGGCCA
10_F6k#TCCGAGTCTGTTAGGG,5.0126925,-1.9806267,10_F6k#TCCGAGTCTGTTAGGG
26_Fn#CAGTCCGGATTACGCA,9.006184,5.2938085,26_Fn#CAGTCCGGATTACGCA
Multiome_07563AAD#TATCGAGGTCATCATC-1,7.9416695,5.5419044,Multiome_07563AAD#TATCGAGGTCATCATC-1
22_Fn#GTCACGCGACTTTAGG,8.846597,9.537565,22_Fn#GTCACGCGACTTTAGG
3_FixSor#TACTAACCTTACCTGA,5.373084,-4.7319674,3_FixSor#TACTAACCTTACCTGA
3_FixSor#GTAGTGGGACCTAGGC,6.86822,3.7717838,3_FixSor#GTAGTGGGACCTAGGC
25_Fn#CAATCGCCTTACACTG,3.7497122,2.2592654,25_Fn#CAATCGCCTTACACTG
11_F5k#CACTCTTCTACCTTGA,4.6027527,-4.408934,11_F5k#CACTCTTCTACCTTGA
11_F5k#AAGCGCCACATCAGCT,11.862903,12.832843,11_F5k#AAGCGCCACATCAGCT
20_Fn#CATAGGTACTAATAGG,-1.9278454,1.7878753,20_Fn#CATAGGTACTAATAGG
20_Fn#TAATGGGCTAGACTTC,7.2642345,10.773737,20_Fn#TAATGGGCTAGACTTC
26_Fn#ATATTCGCTAATCCTG,14.414258,5.467955,26_Fn#ATATTCGCTAATCCTG
16_FC#TACCCGTTGCCAGGCT,12.101334,2.7135031,16_FC#TACCCGTTGCCAGGCT
11_F5k#GCTACTGCTTAGGTTC,12.04443,13.510721,11_F5k#GCTACTGCTTAGGTTC
19_Elav#TCGACTAGACGTTCTC,10.160642,9.003479,19_Elav#TCGACTAGACGTTCTC
10_F6k#GTTGAGTTGGGACAGT,3.997386,-0.8894505,10_F6k#GTTGAGTTGGGACAGT
16_FC#GTCTACAGAAAATCGA,7.896475,9.242762,16_FC#GTCTACAGAAAATCGA
3_FixSor#GAGAGAAGAAGTCTAC,8.128475,-1.7147609,3_FixSor#GAGAGAAGAAGTCTAC
Multiome_07563AAD#GGGAATATCACTAGGT-1,15.146799,3.3130553,Multiome_07563AAD#GGGAATATCACTAGGT-1
20_Fn#TTGTTTGTGATCCGTA,7.239783,4.20662,20_Fn#TTGTTTGTGATCCGTA
21_Fn#TGAGATAGAAGCAGGT,4.5778356,-3.1885438,21_Fn#TGAGATAGAAGCAGGT
21_Fn#GCCATTCACTATGACC,-1.0015036,8.044804,21_Fn#GCCATTCACTATGACC
3_FixSor#CGCTTCAACAAGACAT,9.078064,-2.7273252,3_FixSor#CGCTTCAACAAGACAT
23_Fn#AGACCATTGGTTAGGG,5.1024733,5.9271317,23_Fn#AGACCATTGGTTAGGG
20_Fn#TGTGCAATGGAAGGTC,0.68659353,-2.8631973,20_Fn#TGTGCAATGGAAGGTC
9_F6k#TCCGTTGACTTTGTCT,14.636759,0.9639534,9_F6k#TCCGTTGACTTTGTCT
21_Fn#TCCTACCGACCAGAGA,11.280125,14.05318,21_Fn#TCCTACCGACCAGAGA
12_F#TCCCACAGTACCAAGG,2.6186788,-2.2512233,12_F#TCCCACAGTACCAAGG
24_Fn#TGCTGAAACGGTATGG,15.576724,9.970027,24_Fn#TGCTGAAACGGTATGG
26_Fn#TTATCGACTACCATGT,12.705478,9.305054,26_Fn#TTATCGACTACCATGT
21_Fn#TGAGGTACTTGTTCCC,4.08644,-2.5135217,21_Fn#TGAGGTACTTGTTCCC
50m_PFA#AAGAATGTGACCAAGG,11.755856,13.522762,50m_PFA#AAGAATGTGACCAAGG
22_Fn#TTCGTCCGAACTCGAT,15.523366,10.33066,22_Fn#TTCGTCCGAACTCGAT
50m_PFA#CCTTACTCTAAACTGA,11.775219,8.751534,50m_PFA#CCTTACTCTAAACTGA
20_Fn#CGCTGAGTGCAAGGTG,2.205183,8.413815,20_Fn#CGCTGAGTGCAAGGTG
19_Elav#TACCCGGGAGTACTAC,7.8908405,8.068013,19_Elav#TACCCGGGAGTACTAC
22_Fn#AATTACCCTCATGCAT,9.125959,-2.7002165,22_Fn#AATTACCCTCATGCAT
21_Fn#AGCTTGTGAGAATGTA,0.30324575,4.0224786,21_Fn#AGCTTGTGAGAATGTA
20_Fn#GTAATCGTGTGAACAA,10.240785,-2.0190704,20_Fn#GTAATCGTGTGAACAA
10_F6k#AACCCTCACCTCATCC,2.7676003,-1.7651117,10_F6k#AACCCTCACCTCATCC
3_FixSor#AGTCACAACTTCGTTT,5.9888463,-4.1969404,3_FixSor#AGTCACAACTTCGTTT
20_Fn#GGGAACCCTCCACTTC,4.5376544,-1.469352,20_Fn#GGGAACCCTCCACTTC
28_Elav#GGATATAGACAGCTGC,2.80548,7.6002073,28_Elav#GGATATAGACAGCTGC
27_Fn#CTTGCGTTGTCAATGC,11.500759,0.16963647,27_Fn#CTTGCGTTGTCAATGC
12_F#TCCAGAACAATTCGTG,13.995961,12.048033,12_F#TCCAGAACAATTCGTG
22_Fn#TCGGGTCGACCAACGC,9.676393,-1.4040954,22_Fn#TCGGGTCGACCAACGC
9_F6k#AACGCGAGAATCTGTG,8.809415,-1.3034885,9_F6k#AACGCGAGAATCTGTG
27_Fn#AATGGCTACGTTTGGT,3.4465423,1.3638004,27_Fn#AATGGCTACGTTTGGT
10_F6k#ACTCCGTACAGGTGAC,6.60729,-3.1528695,10_F6k#ACTCCGTACAGGTGAC
19_Elav#GGATACTACCCAGCTG,-0.22019465,5.4720736,19_Elav#GGATACTACCCAGCTG
9_F6k#ATTCCTAACTCGAGAG,11.908628,13.371274,9_F6k#ATTCCTAACTCGAGAG
12_F#TTCGCGTTCTTAATCC,6.343127,-4.1236806,12_F#TTCGCGTTCTTAATCC
26_Fn#CGTGTCTACACCATGT,9.404503,5.980154,26_Fn#CGTGTCTACACCATGT
9_F6k#TTTGGGATGACGAGCA,6.414705,-4.263526,9_F6k#TTTGGGATGACGAGCA
21_Fn#TTCTATGACAAACATG,11.882113,0.42653152,21_Fn#TTCTATGACAAACATG
29_Elav#GCGTTAATGTTCGGGC,-0.2964639,5.7275915,29_Elav#GCGTTAATGTTCGGGC
21_Fn#CACCAAATGCAGGCCT,2.3451948,-1.6512685,21_Fn#CACCAAATGCAGGCCT
10_F6k#TAAGGCTTGCTCGATA,11.664263,13.991814,10_F6k#TAAGGCTTGCTCGATA
24_Fn#TCAATCGGAACACAAA,5.4821877,-3.1320574,24_Fn#TCAATCGGAACACAAA
25m_PFA#AGTGCATTGCCAGGCT,6.8153195,6.2062087,25m_PFA#AGTGCATTGCCAGGCT
9_F6k#TCTGGCTTGCATCCTC,6.246034,-2.010818,9_F6k#TCTGGCTTGCATCCTC
16_FC#CGTTACCTGCAACGCC,2.6325667,5.2836413,16_FC#CGTTACCTGCAACGCC
9_F6k#TCGGACTCTCAGCTGC,16.37042,2.73941,9_F6k#TCGGACTCTCAGCTGC
23_Fn#AGAGACCGAGCCCTAG,15.738274,10.299164,23_Fn#AGAGACCGAGCCCTAG
12_F#GACCAATAGTTAGAGT,9.100151,5.5332623,12_F#GACCAATAGTTAGAGT
3_FixSor#AGTTCACGACCACAAT,8.293375,5.1128726,3_FixSor#AGTTCACGACCACAAT
27_Fn#CGACGTTCTTAATCGC,9.070939,-1.8523655,27_Fn#CGACGTTCTTAATCGC
29_Elav#AGTTTCACTAGCTTTG,11.625185,9.660383,29_Elav#AGTTTCACTAGCTTTG
27_Fn#TTCCTAAACCATAGCT,7.98031,9.517591,27_Fn#TTCCTAAACCATAGCT
22_Fn#GGAGTTACTACTAGTC,16.06484,10.181841,22_Fn#GGAGTTACTACTAGTC
9_F6k#TCCTGTGACAAGTTCC,9.129765,5.3179007,9_F6k#TCCTGTGACAAGTTCC
19_Elav#GTGTAACTGCTGGAAG,6.483254,7.9471226,19_Elav#GTGTAACTGCTGGAAG
22_Fn#ACTCAGAACGCCCTAG,-2.4080083,3.0431252,22_Fn#ACTCAGAACGCCCTAG
3_FixSor#AGTCCTGCTCTCACTC,12.064026,13.160138,3_FixSor#AGTCCTGCTCTCACTC
12_F#ACTGTCCGTACAAGCG,-0.05652223,4.0003157,12_F#ACTGTCCGTACAAGCG
29_Elav#GTGTTGTGAAAAGTAC,12.750465,1.3535038,29_Elav#GTGTTGTGAAAAGTAC
27_Fn#GGACGAATGATCGGTT,4.4297023,-3.6884468,27_Fn#GGACGAATGATCGGTT
21_Fn#GGTAGCCTGTTGCGCG,7.3795843,9.994325,21_Fn#GGTAGCCTGTTGCGCG
27_Fn#TGCCGTGGACGATTCA,15.248273,12.012827,27_Fn#TGCCGTGGACGATTCA
10_F6k#GGCAACGCTGCCCTTT,4.533907,-0.4523204,10_F6k#GGCAACGCTGCCCTTT
20_Fn#GGGAACCCTTTGTTTC,8.442056,-1.4655604,20_Fn#GGGAACCCTTTGTTTC
27_Fn#CATGATGTGAACGTAA,4.512711,-3.6469727,27_Fn#CATGATGTGAACGTAA
13_F#CGCAATATCTCTTAAC,4.9404063,-3.9451182,13_F#CGCAATATCTCTTAAC
20_Fn#TTCCTACCTAACCCGC,10.134387,5.532321,20_Fn#TTCCTACCTAACCCGC
3_FixSor#AGCCAATTGCGTGCAC,9.344313,5.7602787,3_FixSor#AGCCAATTGCGTGCAC
9_F6k#GTCACAAACCTTAAGC,11.351322,13.397137,9_F6k#GTCACAAACCTTAAGC
30_Elav#TAGGATAGATTGACAC,12.078047,12.528929,30_Elav#TAGGATAGATTGACAC
20_Fn#TAGTGCTGACATGCGC,5.8585854,2.5935657,20_Fn#TAGTGCTGACATGCGC
26_Fn#TAACTCACTTGACCTA,12.118793,1.4035903,26_Fn#TAACTCACTTGACCTA
25m_PFA#TCGACTCACGCCGCTA,11.204238,8.7035675,25m_PFA#TCGACTCACGCCGCTA
21_Fn#TAATTGCCTCTATCTT,-2.84651,3.5388253,21_Fn#TAATTGCCTCTATCTT
Multiome_07563AAD#ATTACGTCAATTGAAG-1,11.835349,2.224604,Multiome_07563AAD#ATTACGTCAATTGAAG-1
20_Fn#TTAGCCAGATCATTGG,-0.6730519,0.5424238,20_Fn#TTAGCCAGATCATTGG
23_Fn#ATTCCAGGACGACATT,2.4483442,8.778979,23_Fn#ATTCCAGGACGACATT
10_F6k#CCGTTCTGAAGCTTGT,0.75358105,-2.8292735,10_F6k#CCGTTCTGAAGCTTGT
23_Fn#GTCAAGTACCCGGACT,1.1153686,-3.118108,23_Fn#GTCAAGTACCCGGACT
Multiome_07563AAD#GATCAGGCATGGTTAT-1,2.8114235,4.740906,Multiome_07563AAD#GATCAGGCATGGTTAT-1
29_Elav#ATGTCCAGAATAGGTA,1.6644728,6.9201,29_Elav#ATGTCCAGAATAGGTA
25m_PFA#TGGAACACTAGCAGGT,11.774902,13.146775,25m_PFA#TGGAACACTAGCAGGT
29_Elav#TGCCGGAACGTACGTT,9.761856,9.759221,29_Elav#TGCCGGAACGTACGTT
16_FC#TTATCGACTGCACGCT,2.3042452,3.5007842,16_FC#TTATCGACTGCACGCT
10_F6k#CAATCGCCTTAGGTTC,11.593403,14.115907,10_F6k#CAATCGCCTTAGGTTC
20_Fn#AGGTCAGGAATCAGCT,3.8427458,-0.29934743,20_Fn#AGGTCAGGAATCAGCT
20_Fn#CCGTTACTGTAACTCG,4.307423,-1.2044841,20_Fn#CCGTTACTGTAACTCG
24_Fn#AAACTCCGACGTGCAC,11.571997,6.73487,24_Fn#AAACTCCGACGTGCAC
20_Fn#TCCCACATGGAGCCTC,12.815279,1.7532346,20_Fn#TCCCACATGGAGCCTC
26_Fn#TTCTAGTACCTCATCC,0.4817445,-3.2521021,26_Fn#TTCTAGTACCTCATCC
24_Fn#TACATTGCTACAACAA,11.372409,13.371954,24_Fn#TACATTGCTACAACAA
11_F5k#AGGAGGTTGTTTGTCT,6.076214,-4.3144355,11_F5k#AGGAGGTTGTTTGTCT
10_F6k#TATTCCTGACACAGTT,2.885506,-1.5787079,10_F6k#TATTCCTGACACAGTT
3_FixSor#TCAAAGGCTTACACTG,6.3075285,-3.567383,3_FixSor#TCAAAGGCTTACACTG
24_Fn#CCCGGAAACCTTGAAC,12.053468,0.51129293,24_Fn#CCCGGAAACCTTGAAC
24_Fn#TTGGTATCTTGTTCCC,1.6602904,-2.7494338,24_Fn#TTGGTATCTTGTTCCC
16_FC#AGTGGAGTGGCACGCT,8.54803,-1.3208781,16_FC#AGTGGAGTGGCACGCT
18_Elav#ACTGCTAGAGAATTGA,5.1985626,5.1438603,18_Elav#ACTGCTAGAGAATTGA
20_Fn#AGTAAGTGAACCGTGC,5.522373,0.84252506,20_Fn#AGTAAGTGAACCGTGC
9_F6k#ATAGGCGGATAGCGAG,8.570845,-2.6377792,9_F6k#ATAGGCGGATAGCGAG
50m_PFA#ATATTCGCTCTCGAGC,12.877935,1.4434618,50m_PFA#ATATTCGCTCTCGAGC
24_Fn#TCCGAGCGAGTCTTGA,3.2915688,1.1061156,24_Fn#TCCGAGCGAGTCTTGA
20_Fn#ATGATGGCTAATCGCT,3.9964595,-3.9593198,20_Fn#ATGATGGCTAATCGCT
22_Fn#CGACGACACAGCAAGC,5.9059753,-1.313502,22_Fn#CGACGACACAGCAAGC
9_F6k#CGATGATTGTAACGAA,11.967666,13.901466,9_F6k#CGATGATTGTAACGAA
20_Fn#TAAGCCAACTGCGTGC,4.189208,-1.694342,20_Fn#TAAGCCAACTGCGTGC
22_Fn#TTTCGTAACAGCAAGC,11.418144,13.712584,22_Fn#TTTCGTAACAGCAAGC
16_FC#GTCTGGCGAGTTGTCA,7.098065,2.6767857,16_FC#GTCTGGCGAGTTGTCA
9_F6k#GCCGTTTACAACGAAT,7.431867,5.6104145,9_F6k#GCCGTTTACAACGAAT
Multiome_07563AAD#TTAGAAGCACTAGCGT-1,12.356662,2.6138864,Multiome_07563AAD#TTAGAAGCACTAGCGT-1
11_F5k#TTCGCCAACAAATGCA,2.7698858,-1.9861825,11_F5k#TTCGCCAACAAATGCA
27_Fn#CTCTTTCTGACCTTGA,1.0630754,-2.644749,27_Fn#CTCTTTCTGACCTTGA
25m_PFA#GCATCTCTGAAGCTAA,8.86157,-3.0040808,25m_PFA#GCATCTCTGAAGCTAA
20_Fn#AGCAGAGACCCTTTGC,5.31749,5.560295,20_Fn#AGCAGAGACCCTTTGC
26_Fn#AATGGTGCTAAGACAT,7.669198,2.9299433,26_Fn#AATGGTGCTAAGACAT
Multiome_07563AAD#TCTTCAAGTCCGTGAG-1,14.48882,8.491576,Multiome_07563AAD#TCTTCAAGTCCGTGAG-1
20_Fn#CGACAGCACGAAATCA,11.663298,0.52553284,20_Fn#CGACAGCACGAAATCA
19_Elav#CTTTAGGGATGTTGTG,14.789449,8.52984,19_Elav#CTTTAGGGATGTTGTG
27_Fn#CCTTACTCTTCGTCCT,4.731543,5.9962687,27_Fn#CCTTACTCTTCGTCCT
20_Fn#ATTACCTACGCTAATC,8.916896,-1.4585459,20_Fn#ATTACCTACGCTAATC
20_Fn#GGATACTACACCAGTT,9.922121,5.601034,20_Fn#GGATACTACACCAGTT
20_Fn#AAACGACCTGATCCAT,4.024788,-3.2519338,20_Fn#AAACGACCTGATCCAT
27_Fn#GCTACGGACAACTAGA,1.6950167,-3.456572,27_Fn#GCTACGGACAACTAGA
25_Fn#GCAACTTGATAGCAGG,-2.0655143,6.813715,25_Fn#GCAACTTGATAGCAGG
11_F5k#CAGGCGACTCTCACTC,1.6360153,-3.0231118,11_F5k#CAGGCGACTCTCACTC
10_F6k#CGTGTCTACCGCCACA,1.2182883,-2.4419518,10_F6k#CGTGTCTACCGCCACA
10_F6k#AACTACGACCTCGAGC,14.347215,8.944238,10_F6k#AACTACGACCTCGAGC
22_Fn#ACGAGGCCTTTCTGAG,12.03226,0.7404721,22_Fn#ACGAGGCCTTTCTGAG
11_F5k#AGTACGACTCACTCAA,6.195234,0.8989125,11_F5k#AGTACGACTCACTCAA
24_Fn#AGTGGTACTCGATTGT,15.48943,11.271095,24_Fn#AGTGGTACTCGATTGT
3_FixSor#TTCAAGCGACCCGAGT,1.0598296,-3.5363548,3_FixSor#TTCAAGCGACCCGAGT
22_Fn#ACTTATCTGAATCTGC,9.567399,-1.6831914,22_Fn#ACTTATCTGAATCTGC
23_Fn#CTTATTGTGTTGTACG,12.615619,1.6484029,23_Fn#CTTATTGTGTTGTACG
11_F5k#CAAGGGAACACAGGTG,11.079398,13.413868,11_F5k#CAAGGGAACACAGGTG
16_FC#TACCCGGGATCTGTAG,1.0568624,4.6524415,16_FC#TACCCGGGATCTGTAG
9_F6k#CAGAGGCCTAAACATG,14.626557,7.8217087,9_F6k#CAGAGGCCTAAACATG
3_FixSor#TCAGCCGGAACCTAGT,11.58529,14.4594555,3_FixSor#TCAGCCGGAACCTAGT
50m_PFA#TTCTTAGACCGGTTTA,14.773747,4.3333125,50m_PFA#TTCTTAGACCGGTTTA
9_F6k#CTGTAACGAGGCCTGT,3.5412536,1.8308681,9_F6k#CTGTAACGAGGCCTGT
19_Elav#GTATCACGACACTCAA,11.723702,2.3430748,19_Elav#GTATCACGACACTCAA
19_Elav#GTCCGAGTGAACCAAA,6.966982,8.196018,19_Elav#GTCCGAGTGAACCAAA
3_FixSor#ATCCCGACTAGTTGAA,12.343807,1.0764307,3_FixSor#ATCCCGACTAGTTGAA
26_Fn#GTTAGTTCTGGTGTCC,10.0804615,-2.618586,26_Fn#GTTAGTTCTGGTGTCC
11_F5k#TACAACCGACAGTCCG,14.193603,3.3539467,11_F5k#TACAACCGACAGTCCG
3_FixSor#TCGACTCTGCTAACGT,0.9763866,-3.403418,3_FixSor#TCGACTCTGCTAACGT
28_Elav#TTTAGGGACGTTAGAA,14.63378,10.320351,28_Elav#TTTAGGGACGTTAGAA
21_Fn#CAGTAGTTGACTCGAT,9.478041,-3.2657,21_Fn#CAGTAGTTGACTCGAT
20_Fn#TATGCTTTGACCTGCG,15.345048,12.261442,20_Fn#TATGCTTTGACCTGCG
21_Fn#TAGTTGCGAGTTGTCA,0.53796864,-2.59986,21_Fn#TAGTTGCGAGTTGTCA
25_Fn#CACCCATACCCACAAT,4.4311175,-0.8523622,25_Fn#CACCCATACCCACAAT
21_Fn#GCTTTAGGAATCCTAG,0.8936679,-3.3855834,21_Fn#GCTTTAGGAATCCTAG
20_Fn#TTGGAGACTGTTCTCC,-0.6349729,-0.0130716,20_Fn#TTGGAGACTGTTCTCC
21_Fn#TCCCAGACTAGCAGGT,-0.07586063,9.020442,21_Fn#TCCCAGACTAGCAGGT
3_FixSor#TTGTACTACACCAAGG,11.770958,12.85929,3_FixSor#TTGTACTACACCAAGG
18_Elav#CAAGATAGATTACGCA,1.9615265,5.217789,18_Elav#CAAGATAGATTACGCA
12_F#AGCGTATCAGACCTGC,3.4707108,3.054308,12_F#AGCGTATCAGACCTGC
18_Elav#TACTAACCTGCTACGC,11.598354,13.023401,18_Elav#TACTAACCTGCTACGC
26_Fn#CGATCAAACTGCTACA,7.3191857,-2.2532988,26_Fn#CGATCAAACTGCTACA
Multiome_07563AAD#GCGAAGCCAGGCATCT-1,14.718176,11.429793,Multiome_07563AAD#GCGAAGCCAGGCATCT-1
19_Elav#CAAAGGGACCGTTATG,1.7124463,4.504559,19_Elav#CAAAGGGACCGTTATG
3_FixSor#GTTGCTAGAGTGAGCA,8.210262,-2.6912403,3_FixSor#GTTGCTAGAGTGAGCA
20_Fn#CTGCTAGCTTTAGCTG,0.8468091,-2.9671113,20_Fn#CTGCTAGCTTTAGCTG
26_Fn#CCCAGGATGGGGATTG,11.554985,14.016853,26_Fn#CCCAGGATGGGGATTG
12_F#AGTGCCGCATTGTTCT,4.0538044,3.5933168,12_F#AGTGCCGCATTGTTCT
3_FixSor#TGGGCGTACTACTTTC,2.5387933,-2.5342896,3_FixSor#TGGGCGTACTACTTTC
10_F6k#CCACTAAGAGTCCCGA,11.625407,13.374269,10_F6k#CCACTAAGAGTCCCGA
24_Fn#GGTCGTTCTCAATGAA,6.98612,3.8887167,24_Fn#GGTCGTTCTCAATGAA
20_Fn#ACCGGAGCTCCTGCGA,1.0085506,-3.1258566,20_Fn#ACCGGAGCTCCTGCGA
3_FixSor#TAACGAGCTGCGTATT,12.316796,3.2711375,3_FixSor#TAACGAGCTGCGTATT
9_F6k#TCGCGGAACGCGCAAA,14.630163,11.321354,9_F6k#TCGCGGAACGCGCAAA
21_Fn#AAGCCATTGGAATAGT,8.108988,2.0057817,21_Fn#AAGCCATTGGAATAGT
20_Fn#TTGTCAACTTACGTTG,12.135614,0.4572207,20_Fn#TTGTCAACTTACGTTG
Multiome_07563AAD#ATCCTTAGTTAGACCA-1,13.75169,2.777841,Multiome_07563AAD#ATCCTTAGTTAGACCA-1
18_Elav#CGATATGTGTAGGTTC,2.3308883,3.93015,18_Elav#CGATATGTGTAGGTTC
23_Fn#GGGTATACTCGAGGAT,8.261404,3.667366,23_Fn#GGGTATACTCGAGGAT
20_Fn#TCTTCAAACCTAACGT,11.010021,0.72171384,20_Fn#TCTTCAAACCTAACGT
3_FixSor#CATTCTATGTAGCAGG,9.539969,-2.2622647,3_FixSor#CATTCTATGTAGCAGG
10_F6k#CGGTCTACTACCGTTA,5.876069,-4.115734,10_F6k#CGGTCTACTACCGTTA
Multiome_07563AAD#TAAGCCTAGATGGACA-1,14.696606,10.83307,Multiome_07563AAD#TAAGCCTAGATGGACA-1
18_Elav#CCGACTACTTAATGCC,5.6285744,3.2672966,18_Elav#CCGACTACTTAATGCC
9_F6k#CATTCCTCTTCGTAGT,2.4493747,-1.9559518,9_F6k#CATTCCTCTTCGTAGT
27_Fn#CTAACTGGAATGTGGG,9.588417,-1.2045462,27_Fn#CTAACTGGAATGTGGG
27_Fn#ACCTCGTTGTTGCAGT,7.972638,-0.7634885,27_Fn#ACCTCGTTGTTGCAGT
19_Elav#GCACAATACCAGACCC,11.839602,12.221585,19_Elav#GCACAATACCAGACCC
26_Fn#TAGCTCGCTGTTTGGT,5.056082,-1.7676693,26_Fn#TAGCTCGCTGTTTGGT
10_F6k#TCAGCCGGATTAGCTG,11.470815,14.330837,10_F6k#TCAGCCGGATTAGCTG
16_FC#TCGTATACTCCGGCTA,5.591043,-2.4896111,16_FC#TCGTATACTCCGGCTA
22_Fn#TCACACAGACATCCTC,1.758025,-3.1248288,22_Fn#TCACACAGACATCCTC
Multiome_07563AAD#GCGAAGTAGCCTGTGA-1,12.615551,2.731757,Multiome_07563AAD#GCGAAGTAGCCTGTGA-1
11_F5k#GTTGATGACAGCTTTG,6.941356,0.29292947,11_F5k#GTTGATGACAGCTTTG
13_F#GAAGTGGTCTCGCGGA,2.2088895,-1.7473639,13_F#GAAGTGGTCTCGCGGA
50m_PFA#GGTCGTTCTTAGGTTC,2.3726995,-2.0667174,50m_PFA#GGTCGTTCTTAGGTTC
10_F6k#TCCGCCTCTGACACCC,11.435617,13.747586,10_F6k#TCCGCCTCTGACACCC
13_F#TTACCGCGTTGGACGA,0.91462183,9.030936,13_F#TTACCGCGTTGGACGA
Multiome_07563AAD#CTTGAATCAACCGCCA-1,9.935409,6.900125,Multiome_07563AAD#CTTGAATCAACCGCCA-1
23_Fn#CGACATCCTATCATCG,6.748199,6.3860917,23_Fn#CGACATCCTATCATCG
16_FC#CTGGTGGACTACTTTC,1.184982,5.982937,16_FC#CTGGTGGACTACTTTC
11_F5k#CTTTCCGGAGACTCGC,6.0244126,-1.6982772,11_F5k#CTTTCCGGAGACTCGC
26_Fn#TAGTGAAGAGAGCCTC,12.189403,1.4722626,26_Fn#TAGTGAAGAGAGCCTC
20_Fn#ATGCCCGGACTGTACA,11.879016,0.09286028,20_Fn#ATGCCCGGACTGTACA
22_Fn#CAAGATAGACTCATCC,0.6358893,6.6761093,22_Fn#CAAGATAGACTCATCC
16_FC#TTCAAGTCTGGTATGG,5.42607,-2.5080464,16_FC#TTCAAGTCTGGTATGG
16_FC#TGTACCCTGTGCGCCA,10.99864,1.428999,16_FC#TGTACCCTGTGCGCCA
23_Fn#ACTTATCACGCCCAAC,9.914047,6.1443458,23_Fn#ACTTATCACGCCCAAC
26_Fn#TGCTCGACTAAACTGA,1.8554101,-1.6489422,26_Fn#TGCTCGACTAAACTGA
3_FixSor#GCGCGATACCGTTATG,1.8788015,-3.1690106,3_FixSor#GCGCGATACCGTTATG
Multiome_07563AAD#GAGAGGCGTCAACAAT-1,14.741252,3.2121599,Multiome_07563AAD#GAGAGGCGTCAACAAT-1
20_Fn#GCGACAAGAAACGCAG,17.424913,2.895413,20_Fn#GCGACAAGAAACGCAG
29_Elav#TTTCGTAACTCTGCAA,11.493711,13.034893,29_Elav#TTTCGTAACTCTGCAA
19_Elav#TGTGCAATGCCACTTC,9.760196,8.204492,19_Elav#TGTGCAATGCCACTTC
27_Fn#GCTAGATACCGAGTTT,-0.41608402,5.8870993,27_Fn#GCTAGATACCGAGTTT
20_Fn#TGGTAAGCTAAGCTAA,15.619187,11.265654,20_Fn#TGGTAAGCTAAGCTAA
12_F#TGGACATGTTACGGAG,14.49598,2.0635471,12_F#TGGACATGTTACGGAG
12_F#CTTGCTGTCTTCCGTG,0.5583655,3.801244,12_F#CTTGCTGTCTTCCGTG
22_Fn#TAATTGCCTGAATGTA,3.8635561,3.6409748,22_Fn#TAATTGCCTGAATGTA
3_FixSor#CCGCTAACTGGACACA,11.462464,13.421308,3_FixSor#CCGCTAACTGGACACA
30_Elav#CGAGAGATGTAATGCC,6.6142683,3.7183132,30_Elav#CGAGAGATGTAATGCC
16_FC#TACAACCGACCCGCAA,2.1002955,-3.2160118,16_FC#TACAACCGACCCGCAA
23_Fn#CGCTGAGTGTTCTGGA,14.8068075,10.760902,23_Fn#CGCTGAGTGTTCTGGA
27_Fn#GCTATTGGAGGCCAAA,9.45394,9.820229,27_Fn#GCTATTGGAGGCCAAA
21_Fn#AGATGGGTGGAAGGCT,2.6527915,10.042943,21_Fn#AGATGGGTGGAAGGCT
21_Fn#CACATGATGCTGCGGT,0.52426934,-2.9206424,21_Fn#CACATGATGCTGCGGT
Multiome_07563AAD#TAGTTGTCACAACAAA-1,14.126934,10.935826,Multiome_07563AAD#TAGTTGTCACAACAAA-1
24_Fn#TACGTGTGAAATCCTG,6.22055,4.25746,24_Fn#TACGTGTGAAATCCTG
Multiome_07563AAD#CATAATGTCTCACACC-1,12.473097,2.7987359,Multiome_07563AAD#CATAATGTCTCACACC-1
23_Fn#AGCTTCCACTGGTCCG,2.366461,2.4160922,23_Fn#AGCTTCCACTGGTCCG
16_FC#ACAATGCACCGATTCA,11.905051,2.6899529,16_FC#ACAATGCACCGATTCA
19_Elav#GTACTCAGATGCAAGG,14.631061,3.2715585,19_Elav#GTACTCAGATGCAAGG
12_F#TACGCAAAGTGCTGAG,3.7333035,2.617492,12_F#TACGCAAAGTGCTGAG
29_Elav#AGAGTAATGCCTCCTA,14.434383,8.273014,29_Elav#AGAGTAATGCCTCCTA
20_Fn#GTACTGAACCTGATCA,2.5155287,-1.5568424,20_Fn#GTACTGAACCTGATCA
22_Fn#CAGCGCATGGATCCAT,4.537588,3.4164474,22_Fn#CAGCGCATGGATCCAT
26_Fn#TCCGACACTCCTATCC,-2.7850873,3.1255572,26_Fn#TCCGACACTCCTATCC
22_Fn#TCCTTCACTACAACAA,14.617481,7.3219485,22_Fn#TCCTTCACTACAACAA
28_Elav#GCGTCTTTGGTACACT,1.237427,7.8262978,28_Elav#GCGTCTTTGGTACACT
27_Fn#ACTCAGAACAAACTGA,0.55770063,1.2472166,27_Fn#ACTCAGAACAAACTGA
24_Fn#GGGTGAAACTAACCCA,5.3655896,-1.331371,24_Fn#GGGTGAAACTAACCCA
20_Fn#ACGAGGATGATCCTCC,5.3042893,-0.89767903,20_Fn#ACGAGGATGATCCTCC
11_F5k#GATCTGCCTTACACTG,14.915715,11.917149,11_F5k#GATCTGCCTTACACTG
23_Fn#CATTACTTGCCCGCAA,13.775309,11.922285,23_Fn#CATTACTTGCCCGCAA
21_Fn#TTTCTCGCTACCTTGA,-0.50942963,2.5627189,21_Fn#TTTCTCGCTACCTTGA
3_FixSor#TCAACATCTTAATCGC,15.320025,11.172716,3_FixSor#TCAACATCTTAATCGC
16_FC#AATGTGCACCTGCGGT,0.49959105,4.8492303,16_FC#AATGTGCACCTGCGGT
27_Fn#GGGTTCTCTTTGCGCG,14.4466,5.637579,27_Fn#GGGTTCTCTTTGCGCG
27_Fn#CCTTCTTTGACAGGTG,-0.5756818,8.181582,27_Fn#CCTTCTTTGACAGGTG
18_Elav#ATGTCCAGACGTGCAC,2.1854117,6.3574266,18_Elav#ATGTCCAGACGTGCAC
3_FixSor#ACGACGCTGACAGATA,12.197295,1.1059211,3_FixSor#ACGACGCTGACAGATA
22_Fn#GGCTGACTGGGTGTCC,14.36344,2.7166822,22_Fn#GGCTGACTGGGTGTCC
16_FC#TCGTATACTGCACGCT,5.1247196,3.4100966,16_FC#TCGTATACTGCACGCT
16_FC#ACTTGCCTGTGACTCA,11.187712,1.2631974,16_FC#ACTTGCCTGTGACTCA
Multiome_07563AAD#TCCATAAAGCTGTAAC-1,15.518804,3.3306077,Multiome_07563AAD#TCCATAAAGCTGTAAC-1
18_Elav#CACATCCTGAGTCGGA,10.986792,2.2204955,18_Elav#CACATCCTGAGTCGGA
19_Elav#ACGCCCAGAAGCCTAT,2.4582782,5.7589784,19_Elav#ACGCCCAGAAGCCTAT
26_Fn#AGCGCAAGACAGTCCG,0.46468848,9.494142,26_Fn#AGCGCAAGACAGTCCG
25_Fn#TAGCAGACTTCATTTC,-0.82983303,0.5171188,25_Fn#TAGCAGACTTCATTTC
12_F#GTGACATTCGCAGATT,12.520071,11.959124,12_F#GTGACATTCGCAGATT
Multiome_07563AAD#GGCTATGTCATGTTTC-1,11.799966,2.3888664,Multiome_07563AAD#GGCTATGTCATGTTTC-1
20_Fn#CTTTCCGGAGAATAGT,9.476668,-2.8370965,20_Fn#CTTTCCGGAGAATAGT
23_Fn#AAGTCTTCTGTTGGTT,11.931892,11.909301,23_Fn#AAGTCTTCTGTTGGTT
24_Fn#GGAAGCCCTACCGTTA,15.594332,10.755412,24_Fn#GGAAGCCCTACCGTTA
12_F#AACAAAGTCCCACGGA,3.8704185,2.7498631,12_F#AACAAAGTCCCACGGA
9_F6k#ACTTCCTCTGGTTGAG,-0.67802763,3.7255437,9_F6k#ACTTCCTCTGGTTGAG
18_Elav#AGGGACCCTTAAGCAA,5.4817553,0.13565853,18_Elav#AGGGACCCTTAAGCAA
20_Fn#TAGGCCTCTCACCTAA,-0.70361274,2.7506356,20_Fn#TAGGCCTCTCACCTAA
27_Fn#AATGGGTCTAAGTTAG,3.6428556,1.056738,27_Fn#AATGGGTCTAAGTTAG
29_Elav#TGAGGAGTGTCGCTAA,0.64385766,3.8219483,29_Elav#TGAGGAGTGTCGCTAA
21_Fn#GGTATACTGAACGAAT,-0.90888757,-0.08197682,21_Fn#GGTATACTGAACGAAT
20_Fn#CACGGAAGATCTGTAG,8.032642,2.0993814,20_Fn#CACGGAAGATCTGTAG
27_Fn#CTTAGATCTAATCTGC,3.5019882,1.3314416,27_Fn#CTTAGATCTAATCTGC
19_Elav#TCTCAGAGATATTGCG,1.669355,4.6706038,19_Elav#TCTCAGAGATATTGCG
19_Elav#TTGGTATCTTGCATCA,0.32225353,5.406702,19_Elav#TTGGTATCTTGCATCA
19_Elav#AATCAGCTGATCCTCC,2.36604,4.772991,19_Elav#AATCAGCTGATCCTCC
Multiome_07563AAD#TCTTCAAGTAGTTGGC-1,12.835463,3.1248808,Multiome_07563AAD#TCTTCAAGTAGTTGGC-1
30_Elav#TTGGTCCACGAGTGAC,10.547467,9.476119,30_Elav#TTGGTCCACGAGTGAC
27_Fn#ACCTCCATGGGTGCAA,10.052671,7.213146,27_Fn#ACCTCCATGGGTGCAA
22_Fn#GTGTGATACCGTAGAG,2.826092,2.777025,22_Fn#GTGTGATACCGTAGAG
20_Fn#GGTTGTATGGCCCTGA,-0.81392473,7.360096,20_Fn#GGTTGTATGGCCCTGA
24_Fn#TCGCGGAACAAATGCA,12.321164,0.7835855,24_Fn#TCGCGGAACAAATGCA
20_Fn#GTTCTTCCTGCTCTTC,-1.2557263,5.4187694,20_Fn#GTTCTTCCTGCTCTTC
29_Elav#GGAATGGTGTACAGAA,9.031991,9.250112,29_Elav#GGAATGGTGTACAGAA
21_Fn#TGAGAATGATGAGCAG,-0.35492814,8.052758,21_Fn#TGAGAATGATGAGCAG
13_F#ACTAGGTTCTTAATCC,15.5262,10.262261,13_F#ACTAGGTTCTTAATCC
22_Fn#ATCTGCCTGTTGCGCG,1.9329413,-3.0638916,22_Fn#ATCTGCCTGTTGCGCG
Multiome_07563AAD#GGTTGCATCAAGCGCC-1,12.124999,12.149826,Multiome_07563AAD#GGTTGCATCAAGCGCC-1
19_Elav#TCCGTGGGACCACTTC,1.696918,4.5678787,19_Elav#TCCGTGGGACCACTTC
28_Elav#ATCACGATGGAAGGCT,2.089712,6.5801463,28_Elav#ATCACGATGGAAGGCT
26_Fn#CGACAGCACTGCGCCA,-2.1479983,3.6294215,26_Fn#CGACAGCACTGCGCCA
16_FC#CTCTATATGTTTCGCC,1.5532053,3.4165466,16_FC#CTCTATATGTTTCGCC
18_Elav#TACCGCTTGGAAATCA,0.81261986,4.6756988,18_Elav#TACCGCTTGGAAATCA
16_FC#CGACGTTCTGGACCAA,2.1713479,3.0762272,16_FC#CGACGTTCTGGACCAA
16_FC#TTACTGGGACGAGTGA,9.196469,5.494622,16_FC#TTACTGGGACGAGTGA
16_FC#GTGCAGAGAGATGGAC,4.887222,5.002821,16_FC#GTGCAGAGAGATGGAC
16_FC#ACAGACTTGCGTAGAG,9.153511,9.089501,16_FC#ACAGACTTGCGTAGAG
30_Elav#GGCTCAGACAATCGCT,15.234723,10.795313,30_Elav#GGCTCAGACAATCGCT
16_FC#AACACTCGATTTGTCT,10.874639,1.4346466,16_FC#AACACTCGATTTGTCT
18_Elav#ATTGTGCGATCATTGG,15.060317,2.7088842,18_Elav#ATTGTGCGATCATTGG
20_Fn#GTGTGATACCGTTATG,7.845429,9.321959,20_Fn#GTGTGATACCGTTATG
19_Elav#AGGCATTACATTCGGT,11.99354,3.095,19_Elav#AGGCATTACATTCGGT
19_Elav#TAGTGCATGAGGCATG,1.5266231,6.0632634,19_Elav#TAGTGCATGAGGCATG
29_Elav#CCTATCCGACGGTACC,8.510079,7.1362443,29_Elav#CCTATCCGACGGTACC
28_Elav#AGTTTGCGATGTGCTA,-0.57316375,6.0669575,28_Elav#AGTTTGCGATGTGCTA
21_Fn#ATACAGGCTCATCTTT,0.119651996,0.41702664,21_Fn#ATACAGGCTCATCTTT
16_FC#GTATAGGCTCTGAGAG,14.048304,1.9996659,16_FC#GTATAGGCTCTGAGAG
16_FC#GTTGTTGGACGAGGTA,1.6487826,-2.1576025,16_FC#GTTGTTGGACGAGGTA
19_Elav#AAAGCATGACCCGCAA,1.8790917,5.8929324,19_Elav#AAAGCATGACCCGCAA
28_Elav#CTGACGTCTGTGGTGA,7.9371758,10.225199,28_Elav#CTGACGTCTGTGGTGA
16_FC#GCGTATATGCTTGTGA,14.756201,10.517861,16_FC#GCGTATATGCTTGTGA
19_Elav#AGGAAGCACTGCTTGA,12.506548,1.5839556,19_Elav#AGGAAGCACTGCTTGA
18_Elav#TGTGGTAACTCCAATG,14.751073,2.7777934,18_Elav#TGTGGTAACTCCAATG
25_Fn#CTGGTGGACTTTGTCT,11.625288,0.88750273,25_Fn#CTGGTGGACTTTGTCT
27_Fn#TTGCGATGAGCTACGC,8.068214,2.3292935,27_Fn#TTGCGATGAGCTACGC
24_Fn#CATGCAAACTGGTGAG,8.493837,2.6014614,24_Fn#CATGCAAACTGGTGAG
19_Elav#AGCCTACCTACCTAGT,6.653358,8.652494,19_Elav#AGCCTACCTACCTAGT
27_Fn#TGTACGATGGAGTAAT,8.643974,3.3175337,27_Fn#TGTACGATGGAGTAAT
28_Elav#AGAGCAGTGTAAAGCA,-1.1747524,6.266472,28_Elav#AGAGCAGTGTAAAGCA
19_Elav#CTCTCTGGAGTTAGGG,2.3528397,5.7401414,19_Elav#CTCTCTGGAGTTAGGG
Multiome_07563AAD#AGGTTAGAGGGTCTAT-1,12.143482,1.967905,Multiome_07563AAD#AGGTTAGAGGGTCTAT-1
16_FC#GGCGTTTCTAGCCATT,2.604465,5.239367,16_FC#GGCGTTTCTAGCCATT
50m_PFA#TACCCGTTGTGAGCAG,12.291674,1.7354271,50m_PFA#TACCCGTTGTGAGCAG
29_Elav#TTGTTTGTGTGTTCCC,2.3643951,6.700378,29_Elav#TTGTTTGTGTGTTCCC
16_FC#CAATGTGACCGATTGT,14.975681,10.456212,16_FC#CAATGTGACCGATTGT
20_Fn#TAGAGAAACACAGGTG,8.880322,4.8169293,20_Fn#TAGAGAAACACAGGTG
22_Fn#GTCACAAACAGCAATA,15.323328,7.823059,22_Fn#GTCACAAACAGCAATA
3_FixSor#CGGGACACTAATGCTC,5.4450865,5.0858307,3_FixSor#CGGGACACTAATGCTC
30_Elav#ACCAATGACGCTGGCT,11.515378,1.6902298,30_Elav#ACCAATGACGCTGGCT
26_Fn#TGAGGTACTCGGTACC,15.006721,7.89407,26_Fn#TGAGGTACTCGGTACC
28_Elav#GTAAACAGAGAAGTTA,8.422412,8.290041,28_Elav#GTAAACAGAGAAGTTA
Multiome_07563AAD#GGGTTTCCACTTAGGC-1,12.014704,2.1670656,Multiome_07563AAD#GGGTTTCCACTTAGGC-1
18_Elav#ACTCCAGCTCGAGGTA,7.6905136,7.85149,18_Elav#ACTCCAGCTCGAGGTA
19_Elav#TAGAGAAACCTCGAGC,6.7160172,7.662492,19_Elav#TAGAGAAACCTCGAGC
29_Elav#GGGGGGGGGGGGGGGG,3.7003362,4.439609,29_Elav#GGGGGGGGGGGGGGGG
19_Elav#CATGGATTGTTACGAC,6.3517804,7.0374537,19_Elav#CATGGATTGTTACGAC
22_Fn#GAGGCAATGTGATGAA,8.650048,2.4042046,22_Fn#GAGGCAATGTGATGAA
24_Fn#CTATTCAACACGAGCA,2.718706,7.131101,24_Fn#CTATTCAACACGAGCA
23_Fn#GCGTTCTACACAACAA,1.5368013,1.9280729,23_Fn#GCGTTCTACACAACAA
28_Elav#ATTTCGACTGACCGAA,8.585807,6.9621353,28_Elav#ATTTCGACTGACCGAA
28_Elav#AAGTGACCTATCATGC,8.142521,9.178105,28_Elav#AAGTGACCTATCATGC
27_Fn#GGCGTACACTGGGCAA,3.34404,1.4529494,27_Fn#GGCGTACACTGGGCAA
24_Fn#CCAACGGTGAATCGCT,12.980964,11.141631,24_Fn#CCAACGGTGAATCGCT
30_Elav#CAGTGGAGATGTTCCC,8.393199,9.616558,30_Elav#CAGTGGAGATGTTCCC
29_Elav#TACCCGTTGTGCGGCT,0.9552172,7.1497393,29_Elav#TACCCGTTGTGCGGCT
26_Fn#TACCTTCCTGAACCTT,14.732577,7.579896,26_Fn#TACCTTCCTGAACCTT
24_Fn#TTCAAGTCTTGCTGTA,15.124474,7.867137,24_Fn#TTCAAGTCTTGCTGTA
30_Elav#AAGAAACACGTACACT,-1.2001762,6.0834723,30_Elav#AAGAAACACGTACACT
28_Elav#CACTATACTCTCTGGG,2.0847414,7.386499,28_Elav#CACTATACTCTCTGGG
26_Fn#CCCTTGCCTGCGGTAA,-2.709478,6.7339993,26_Fn#CCCTTGCCTGCGGTAA
20_Fn#TACTGTACTGGGTAGT,-0.86085725,4.939648,20_Fn#TACTGTACTGGGTAGT
26_Fn#TCTTCCTTGATTGGTC,-0.35643905,4.743581,26_Fn#TCTTCCTTGATTGGTC
20_Fn#CTACAACGACATTCAG,-2.2889984,5.8286853,20_Fn#CTACAACGACATTCAG
21_Fn#TCTACGAGATACAGAA,2.0468335,9.264281,21_Fn#TCTACGAGATACAGAA
Multiome_07563AAD#AAACCGGCAGTGAACG-1,15.011048,11.664921,Multiome_07563AAD#AAACCGGCAGTGAACG-1
21_Fn#CGTGTAATGAACCCGC,-2.016122,5.4578,21_Fn#CGTGTAATGAACCCGC
20_Fn#GGTGTAACTCTGTACA,-0.5672161,0.113370955,20_Fn#GGTGTAACTCTGTACA
21_Fn#ATAGGAAACGCGGTTC,0.9932873,1.3050185,21_Fn#ATAGGAAACGCGGTTC
20_Fn#GGGTGAATGGGGTAGT,0.9713253,1.1262665,20_Fn#GGGTGAATGGGGTAGT
20_Fn#CCTTACTCTGGACCTC,-1.4633844,-0.350643,20_Fn#CCTTACTCTGGACCTC
20_Fn#GCGTATATGCGATTAC,-2.8752234,6.2573524,20_Fn#GCGTATATGCGATTAC
26_Fn#GAGAGTGACGAAATCA,-2.512378,6.3502874,26_Fn#GAGAGTGACGAAATCA
20_Fn#CTAATCTTGTTGCAGT,-1.9117389,5.5174828,20_Fn#CTAATCTTGTTGCAGT
21_Fn#TGTGACTGAGACAAAT,-2.3013756,2.4348078,21_Fn#TGTGACTGAGACAAAT
20_Fn#AACACACACTGAGTAA,8.420512,2.2340972,20_Fn#AACACACACTGAGTAA
20_Fn#CCATCCATGGGTTTGT,1.444017,1.4911696,20_Fn#CCATCCATGGGTTTGT
29_Elav#CCTGTTGACATCCTAG,15.127376,11.700433,29_Elav#CCTGTTGACATCCTAG
21_Fn#GGGTATGGATTCTCGC,3.0649676,0.06808223,21_Fn#GGGTATGGATTCTCGC
9_F6k#TTGTTAGCTCTATCTT,14.540247,2.2511744,9_F6k#TTGTTAGCTCTATCTT
24_Fn#CTGCGAGTGCGACAAG,15.199638,11.750493,24_Fn#CTGCGAGTGCGACAAG
9_F6k#CATCAGTGAAAGTCTC,14.801115,11.5887375,9_F6k#CATCAGTGAAAGTCTC
23_Fn#TCTTTAGACAATAGCA,14.834279,11.746443,23_Fn#TCTTTAGACAATAGCA
